strength,cement,x_cement,x_slag,x_fly_ash,x_water,x_sp,x_coarse_agg,x_fine_agg,x_age
61.358955383300781,403.9346923828125,403.9346923828125,258.884521484375,0,164.87193298339844,12.242461204528809,801,684.42193603515625,28
60.188323974609375,378.46493530273438,378.46493530273438,266.29605102539062,0,168.63232421875,15.148298263549805,801,695.7320556640625,28
52.507453918457031,219.83062744140625,219.83062744140625,359.39999389648438,10.483492851257324,153.88142395019531,13.600000381469727,807.2840576171875,760.8077392578125,28
60.256378173828125,380.36849975585938,380.36849975585938,267.3018798828125,0,165.205810546875,11.914087295532227,801,698.9769287109375,28
57.986610412597656,331.27728271484375,331.27728271484375,330.69741821289062,0,147.05519104003906,1.342957615852356,801,714.0367431640625,28
57.002342224121094,310.18026733398438,310.18026733398438,327.78164672851562,0,154.20704650878906,10.368141174316406,801,721.2657470703125,28
53.563644409179688,237.66061401367188,237.66061401367188,358.93649291992188,0,146.26971435546875,8.9279251098632812,801,772.7030029296875,28
56.249664306640625,293.44967651367188,293.44967651367188,329.50479125976562,0,156.46487426757812,10.210262298583984,801,734.57293701171875,28
61.23883056640625,402.08599853515625,402.08599853515625,265.59417724609375,0,161.88107299804688,10.466335296630859,801.96502685546875,683.20538330078125,28
55.024929046630859,266.81875610351562,266.81875610351562,345.613037109375,0,161.97865295410156,15.087887763977051,801,734.40240478515625,28
57.649421691894531,324.04119873046875,324.04119873046875,302.70684814453125,0,165.37957763671875,15.078005790710449,801,716.47283935546875,28
55.422126770019531,276.34286499023438,276.34286499023438,356.02862548828125,0,137.53651428222656,0,801,754.56146240234375,28
60.95782470703125,396.43658447265625,396.43658447265625,248.59982299804688,0.66339528560638428,163.99795532226562,13.011770248413086,801,701.381591796875,28
63.9083251953125,460.59201049804688,460.59201049804688,221.457763671875,0,169.17352294921875,11.27329158782959,801,661.83447265625,28
56.482608795166016,299.01339721679688,299.01339721679688,346.38040161132812,0,140.93911743164062,1.0434137582778931,801,736.62017822265625,28
58.968246459960938,352.56838989257812,352.56838989257812,282.18243408203125,0,167.97286987304688,16.058465957641602,801,704.9764404296875,28
60.761238098144531,392.07183837890625,392.07183837890625,288.27325439453125,0,154.25067138671875,3.8049993515014648,801,685.50555419921875,28
56.6383056640625,302.11434936523438,302.11434936523438,313.13800048828125,0,184.56889343261719,28.85853385925293,801,695.66656494140625,28
60.886085510253906,394.43576049804688,394.43576049804688,279.45037841796875,0,164.094482421875,10.594306945800781,801,675.6962890625,28
60.065586090087891,376.57485961914062,376.57485961914062,278.13235473632812,0,150.06913757324219,4.7535820007324219,801,714.6644287109375,28
66.960334777832031,531.8905029296875,531.8905029296875,189.0218505859375,0,165.71902465820312,7.5327906608581543,801,630.34393310546875,28
64.18756103515625,467.70379638671875,467.70379638671875,226.61837768554688,0,159.63372802734375,7.2750444412231445,801,662.90673828125,28
51.995101928710938,211.17605590820312,211.17605590820312,356.22561645507812,9.6291656494140625,146.71463012695312,10.902856826782227,801,788.93658447265625,28
57.498554229736328,321.24563598632812,321.24563598632812,333.1602783203125,0,138.62832641601562,0.95432353019714355,801,730.46771240234375,28
49.964622497558594,185.24114990234375,185.24114990234375,357.086181640625,49.275722503662109,129.66880798339844,2.1729824542999268,802.28643798828125,798.87591552734375,28
62.475719451904297,429.35989379882812,429.35989379882812,250.26007080078125,0,165.18440246582031,12.123197555541992,801,667.24908447265625,28
54.910987854003906,265.44061279296875,265.44061279296875,349.134033203125,0,151.205078125,7.2257375717163086,801,751.01611328125,28
60.956455230712891,395.90008544921875,395.90008544921875,248.04779052734375,0,171.1632080078125,17.227947235107422,801,691.71014404296875,28
66.815071105957031,527.48284912109375,527.48284912109375,141.37821960449219,0,193.43704223632812,24.495262145996094,801,637.4361572265625,28
65.338272094726562,494.14797973632812,494.14797973632812,189.67897033691406,0,170.90687561035156,10.709487915039062,801,658.4503173828125,28
53.019493103027344,228.43788146972656,228.43788146972656,352.6072998046875,0.51223492622375488,159.90650939941406,19.032384872436523,808.044677734375,756.08831787109375,28
62.480716705322266,429.60137939453125,429.60137939453125,256.17343139648438,0,159.42146301269531,7.4279098510742188,801,671.25653076171875,28
56.4730224609375,298.03665161132812,298.03665161132812,332.40408325195312,0,158.49443054199219,13.034164428710938,801,722.330322265625,28
60.274349212646484,380.8729248046875,380.8729248046875,253.13885498046875,0,173.72929382324219,17.110143661499023,801,699.465087890625,28
65.801597595214844,506.2515869140625,506.2515869140625,199.11836242675781,3.9256591796875,178.53759765625,15.481517791748047,801,621.171630859375,28
56.765464782714844,304.91452026367188,304.91452026367188,335.12677001953125,0,143.28752136230469,3.3670496940612793,801,737.6678466796875,28
49.924652099609375,184.33062744140625,184.33062744140625,357.785888671875,22.434305191040039,129.03143310546875,3.5636575222015381,801,826.49298095703125,28
64.375473022460938,471.98080444335938,471.98080444335938,215.90211486816406,0,174.07194519042969,13.793441772460938,801,647.93890380859375,28
51.389320373535156,202.46221923828125,202.46221923828125,359.39999389648438,19.409547805786133,141.72354125976562,11.124051094055176,801.41796875,789.7137451171875,28
58.544296264648438,343.4871826171875,343.4871826171875,309.66326904296875,0,159.55778503417969,8.0939731597900391,801,703.30511474609375,28
54.666976928710938,258.83407592773438,258.83407592773438,342.26144409179688,0,170.15313720703125,23.981573104858398,801,728.57159423828125,28
61.545486450195312,408.45388793945312,408.45388793945312,246.92672729492188,0,161.79080200195312,11.060867309570312,801,696.2342529296875,28
65.058586120605469,487.89569091796875,487.89569091796875,199.043701171875,0,171.05557250976562,9.5817832946777344,801,656.746337890625,28
61.421073913574219,406.73944091796875,406.73944091796875,265.50445556640625,0,148.37872314453125,0,801,703.5927734375,28
57.451763153076172,319.53103637695312,319.53103637695312,336.5020751953125,0,146.20367431640625,4.0471186637878418,801,718.1358642578125,28
57.468070983886719,320.41064453125,320.41064453125,330.75070190429688,0,156.07232666015625,11.3377685546875,801,705.81573486328125,28
59.251754760742188,359.034423828125,359.034423828125,313.87722778320312,0,149.27702331542969,3.5943243503570557,801,698.27203369140625,28
54.782630920410156,262.98858642578125,262.98858642578125,346.59793090820312,0,154.91448974609375,9.8199005126953125,801,749.20037841796875,28
50.854148864746094,195.75827026367188,195.75827026367188,359.39999389648438,16.056936264038086,137.03079223632812,3.9355123043060303,806.37664794921875,806.4129638671875,28
57.583385467529297,323.593017578125,323.593017578125,311.31439208984375,0,162.1358642578125,9.1139049530029297,801,717.96484375,28
55.836593627929688,285.19464111328125,285.19464111328125,318.9783935546875,0,182.0654296875,25.397857666015625,801,712.15130615234375,28
57.352672576904297,317.941650390625,317.941650390625,341.64007568359375,0,143.09519958496094,2.479116678237915,801,718.996826171875,28
63.046241760253906,442.35223388671875,442.35223388671875,250.4166259765625,0,156.29544067382812,3.2315869331359863,801,671.98065185546875,28
63.199012756347656,446.4063720703125,446.4063720703125,242.61917114257812,0,156.95962524414062,3.2315869331359863,801,674.447265625,28
64.367881774902344,471.49850463867188,471.49850463867188,190.70330810546875,0,187.58601379394531,22.566459655761719,801,651.603759765625,28
60.958045959472656,396.94091796875,396.94091796875,274.26327514648438,0,142.22821044921875,0,801,710.84197998046875,28
65.484245300292969,496.18313598632812,496.18313598632812,186.2003173828125,0,175.67022705078125,14.885047912597656,801,651.406494140625,28
50.731338500976562,194.82830810546875,194.82830810546875,359.0703125,35.496620178222656,133.74949645996094,4.8713169097900391,801.7750244140625,795.6881103515625,28
56.585163116455078,301.27508544921875,301.27508544921875,341.1234130859375,0,142.97322082519531,0,801,738.94232177734375,28
57.100536346435547,311.84002685546875,311.84002685546875,326.40066528320312,0,148.78205871582031,4.5599141120910645,801,732.6845703125,28
66.464111328125,519.66497802734375,519.66497802734375,179.79548645019531,0,182.23136901855469,15.794912338256836,801,626.76007080078125,28
66.326713562011719,516.57110595703125,516.57110595703125,184.54084777832031,0,174.19273376464844,11.958481788635254,801,636.66107177734375,28
61.733924865722656,413.66973876953125,413.66973876953125,227.39266967773438,0,172.98800659179688,18.237754821777344,801,691.8873291015625,28
62.757514953613281,436.6683349609375,436.6683349609375,234.2215576171875,0,154.75599670410156,6.2366681098937988,801.64129638671875,691.6297607421875,28
64.407394409179688,472.07928466796875,472.07928466796875,210.53439331054688,0,169.94146728515625,11.173318862915039,801,660.4412841796875,28
51.329212188720703,201.62066650390625,201.62066650390625,357.606689453125,4.2993721961975098,141.13446044921875,11.06678295135498,802.121337890625,807.5972900390625,28
51.058540344238281,197.91912841796875,197.91912841796875,358.213134765625,14.011564254760742,138.54338073730469,5.9635143280029297,801.70941162109375,808.20928955078125,28
60.00616455078125,374.5762939453125,374.5762939453125,289.089111328125,0,151.4710693359375,4.4574356079101562,801,704.6700439453125,28
50.905479431152344,196.37672424316406,196.37672424316406,356.78546142578125,7.4155526161193848,137.46369934082031,3.8100943565368652,802.84417724609375,820.70263671875,28
56.403335571289062,297.30999755859375,297.30999755859375,351.11727905273438,0,149.05204772949219,6.6915020942687988,801,719.873291015625,28
64.076492309570312,464.59234619140625,464.59234619140625,212.25874328613281,0,174.698486328125,14.012473106384277,801,658.53814697265625,28
56.802089691162109,305.9295654296875,305.9295654296875,322.71856689453125,0,147.61174011230469,4.5418992042541504,801,743.65234375,28
59.309902191162109,360.141845703125,360.141845703125,294.65667724609375,0,147.00028991699219,4.5418992042541504,801,718.0908203125,28
58.629722595214844,344.8201904296875,344.8201904296875,288.3260498046875,0,163.411376953125,14.094444274902344,801,713.7117919921875,28
59.408821105957031,361.92562866210938,361.92562866210938,275.47894287109375,0,163.411376953125,14.094444274902344,801,709.52496337890625,28
63.843559265136719,459.19943237304688,459.19943237304688,207.6856689453125,0,180.6434326171875,18.110097885131836,801,658.638427734375,28
59.864101409912109,371.57525634765625,371.57525634765625,284.31753540039062,0,157.7261962890625,8.9084873199462891,801,701.4813232421875,28
62.231292724609375,423.65582275390625,423.65582275390625,251.71597290039062,0,159.08444213867188,9.4471244812011719,801,680.5523681640625,28
56.304313659667969,294.74636840820312,294.74636840820312,340.28216552734375,0,149.51821899414062,4.689549446105957,801,735.08953857421875,28
60.544483184814453,386.803955078125,386.803955078125,271.768798828125,0,156.684814453125,5.6798849105834961,801,703.010986328125,28
49.109989166259766,174.28572082519531,174.28572082519531,358.67120361328125,69.591217041015625,122,0,801,799.8514404296875,28
65.64068603515625,500.99310302734375,500.99310302734375,190.59947204589844,0,164.31114196777344,7.7590489387512207,801,660.81207275390625,28
64.734123229980469,479.49588012695312,479.49588012695312,197.76725769042969,0,176.01318359375,16.791236877441406,801,653.8809814453125,28
65.939247131347656,507.58575439453125,507.58575439453125,153.45724487304688,0,189.74533081054688,23.836816787719727,801,649.71966552734375,28
60.939228057861328,395.38687133789062,395.38687133789062,252.61183166503906,0,173.06422424316406,14.764755249023438,801,688.3311767578125,28
66.502128601074219,521.77734375,521.77734375,149.88221740722656,0,180.21188354492188,17.391468048095703,801,654.59698486328125,28
57.652297973632812,324.1436767578125,324.1436767578125,313.11166381835938,0,151.23350524902344,4.2625393867492676,801,731.6300048828125,28
59.002830505371094,354.44381713867188,354.44381713867188,272.824951171875,0,164.83171081542969,11.460979461669922,801,720.44976806640625,28
51.919319152832031,210.26364135742188,210.26364135742188,353.3232421875,2.7442359924316406,147.18453979492188,8.3149900436401367,801,802.3463134765625,28
57.731571197509766,325.59127807617188,325.59127807617188,306.80844116210938,0.46877774596214294,160.78321838378906,11.300620079040527,801,719.0889892578125,28
49.675788879394531,181.9993896484375,181.9993896484375,359.39999389648438,52.838611602783203,127.39957427978516,0.074184104800224304,807.90960693359375,795.027587890625,28
52.951713562011719,226.19378662109375,226.19378662109375,359.31817626953125,0,158.33564758300781,11.190431594848633,802.271728515625,768.0740966796875,28
62.009727478027344,419.63763427734375,419.63763427734375,266.95632934570312,0,158.4718017578125,9.039912223815918,801,670.31866455078125,28
66.223770141601562,514.082275390625,514.082275390625,186.81053161621094,0,181.2216796875,16.879617691040039,801,625.05743408203125,28
64.425605773925781,472.41534423828125,472.41534423828125,194.01704406738281,0,186.6778564453125,22.434734344482422,801,648.77764892578125,28
58.519721984863281,343.39675903320312,343.39675903320312,289.73980712890625,0,162.21156311035156,10.351086616516113,801,717.9501953125,28
60.981033325195312,397.25674438476562,397.25674438476562,246.24783325195312,0,167.69235229492188,16.554227828979492,801,696.32354736328125,28
61.563095092773438,408.83663940429688,408.83663940429688,261.26565551757812,0,162.17716979980469,11.574350357055664,801,680.61749267578125,28
67.224212646484375,538.0345458984375,538.0345458984375,133.71484375,0,193.24201965332031,22.31865119934082,801,636.814697265625,28
66.822235107421875,528.3070068359375,528.3070068359375,171.10382080078125,0,188.34408569335938,21.552524566650391,801,614.4476318359375,28
49.631847381591797,181.21250915527344,181.21250915527344,359.39999389648438,13.013226509094238,126.84872436523438,1.1461629867553711,808.490234375,834.724609375,28
50.944683074951172,196.892578125,196.892578125,359.39999389648438,16.045932769775391,137.82479858398438,9.47454833984375,803.08001708984375,802.06494140625,28
65.040267944335938,487.88198852539062,487.88198852539062,209.97052001953125,0,158.72872924804688,7.7647881507873535,801,659.732666015625,28
55.283843994140625,272.64126586914062,272.64126586914062,355.3587646484375,0,148.7474365234375,6.1960110664367676,801,741.264892578125,28
59.707679748535156,369.030517578125,369.030517578125,266.19699096679688,0,173.78125,20.277181625366211,801,694.6954345703125,28
57.555812835693359,321.86544799804688,321.86544799804688,325.57760620117188,0.27711009979248047,144.16140747070312,3.13629150390625,801,729.40087890625,28
59.645423889160156,367.41351318359375,367.41351318359375,282.1937255859375,0,151.3040771484375,3.8319954872131348,801,719.489013671875,28
65.214828491210938,490.89474487304688,490.89474487304688,211.10556030273438,0,163.99017333984375,7.0795636177062988,801,651.3853759765625,28
55.233451843261719,271.7518310546875,271.7518310546875,341.63861083984375,0,159.2034912109375,16.189987182617188,801,735.29998779296875,28
65.695098876953125,502.74755859375,502.74755859375,197.33601379394531,0,160.03079223632812,5.2843642234802246,801,658.9088134765625,28
58.811233520507812,349.93597412109375,349.93597412109375,274.65194702148438,0,168.0926513671875,17.843898773193359,801,713.533935546875,28
53.158050537109375,230.23252868652344,230.23252868652344,355.26852416992188,0,150.57716369628906,12.453243255615234,801,775.18670654296875,28
59.750053405761719,369.59603881835938,369.59603881835938,298.94384765625,0,151.93878173828125,4.0048041343688965,801,699.32977294921875,28
57.638328552246094,323.84124755859375,323.84124755859375,295.91653442382812,0,165.69737243652344,14.304651260375977,801,724.524169921875,28
55.712135314941406,282.1776123046875,282.1776123046875,355.62774658203125,0,150.83482360839844,7.9913029670715332,801,727.22265625,28
64.956504821777344,484.82180786132812,484.82180786132812,204.4676513671875,0,168.88920593261719,12.842496871948242,801,653.018310546875,28
59.415534973144531,362.18753051757812,362.18753051757812,286.22430419921875,0,154.9122314453125,5.6404881477355957,801,715.113037109375,28
62.186470031738281,422.76953125,422.76953125,259.95834350585938,0,154.09103393554688,5.6404881477355957,801,681.91668701171875,28
65.80255126953125,506.58917236328125,506.58917236328125,196.66372680664062,0,187.093017578125,19.36602783203125,801,614.0499267578125,28
65.534698486328125,498.73446655273438,498.73446655273438,159.83441162109375,0.018365178257226944,198.49948120117188,27.295200347900391,801,639.633544921875,28
62.232051849365234,423.94158935546875,423.94158935546875,243.32211303710938,0,164.08688354492188,12.456259727478027,801,680.16925048828125,28
65.303794860839844,493.98355102539062,493.98355102539062,199.26809692382812,3.9666213989257812,172.96768188476562,13.661293029785156,801,640.220947265625,28
56.657321929931641,302.8643798828125,302.8643798828125,324.591552734375,0,149.74125671386719,8.0284252166748047,801,739.076171875,28
58.301177978515625,338.6845703125,338.6845703125,318.94354248046875,1.680864691734314,142.38603210449219,1.8746426105499268,801,720.8555908203125,28
64.808662414550781,481.3494873046875,481.3494873046875,187.40191650390625,0,174.64421081542969,16.292726516723633,801,664.730712890625,28
61.818077087402344,415.07159423828125,415.07159423828125,241.8653564453125,0,178.52389526367188,18.296627044677734,801,669.93780517578125,28
54.703109741210938,260.046142578125,260.046142578125,341.06524658203125,0,162.43045043945312,15.619407653808594,801,745.19329833984375,28
66.532394409179688,522.2568359375,522.2568359375,178.17523193359375,2.8301315307617188,171.16815185546875,11.081524848937988,801,638.40313720703125,28
56.512428283691406,299.71316528320312,299.71316528320312,331.01510620117188,0,147.23274230957031,2.9647393226623535,801,743.559326171875,28
57.574386596679688,322.96218872070312,322.96218872070312,336.90316772460938,0,142.9539794921875,3.6155638694763184,801,717.99859619140625,28
60.266822814941406,380.4700927734375,380.4700927734375,292.09841918945312,0,156.30441284179688,5.6252617835998535,801,689.960205078125,28
58.386848449707031,340.0849609375,340.0849609375,307.83685302734375,0,156.01724243164062,6.4544167518615723,801,713.388671875,28
59.887271881103516,372.49395751953125,372.49395751953125,275.66696166992188,0,162.80012512207031,9.5960617065429688,801,703.3160400390625,28
62.831428527832031,436.75079345703125,436.75079345703125,238.44325256347656,0,163.05227661132812,10.284570693969727,801,675.62591552734375,28
58.206436157226562,336.53305053710938,336.53305053710938,313.596923828125,0,143.0765380859375,0,801,730.6741943359375,28
58.99462890625,353.03353881835938,353.03353881835938,289.60784912109375,0,155.13238525390625,6.2085347175598145,801,720.26031494140625,28
61.821620941162109,415.08267211914062,415.08267211914062,256.26953125,0,154.82258605957031,3.7305340766906738,801,694.08880615234375,28
56.201911926269531,293.01947021484375,293.01947021484375,348.25460815429688,0,155.70124816894531,12.951021194458008,801,714.5452880859375,28
52.197624206542969,213.68099975585938,213.68099975585938,359.39999389648438,2.5170407295227051,149.57669067382812,9.0647459030151367,804.2606201171875,786.58477783203125,28
58.121849060058594,333.74560546875,333.74560546875,298.6788330078125,0,165.42671203613281,15.52625846862793,801,710.8865966796875,28
52.903347015380859,225.66281127929688,225.66281127929688,353.32571411132812,0,152.76023864746094,15.52625846862793,801,776.3367919921875,28
55.504631042480469,277.4686279296875,277.4686279296875,335.891845703125,0.12272354960441589,170.21942138671875,23.295211791992188,801,716.98785400390625,28
58.857925415039062,351.19793701171875,351.19793701171875,288.4578857421875,0,160.06697082519531,14.036998748779297,801,710.04913330078125,28
56.72137451171875,304.04995727539062,304.04995727539062,313.70419311523438,0,160.06697082519531,14.208035469055176,801,732.2713623046875,28
62.546432495117188,431.08233642578125,431.08233642578125,225.32460021972656,0.71193695068359375,178.67941284179688,18.732242584228516,801,669.19598388671875,28
59.331550598144531,360.899658203125,360.899658203125,304.34341430664062,0,142.46298217773438,0,801,716.0667724609375,28
53.001228332519531,227.40443420410156,227.40443420410156,353.59292602539062,5.8658294677734375,159.18310546875,14.357276916503906,802.0013427734375,762.368896484375,28
58.030746459960938,332.36712646484375,332.36712646484375,328.69873046875,0,154.9984130859375,6.4043517112731934,801,702.03173828125,28
61.452133178710938,407.2330322265625,407.2330322265625,274.29257202148438,0,148.97111511230469,2.1619274616241455,801,691.045654296875,28
61.655921936035156,411.53610229492188,411.53610229492188,269.1856689453125,0,149.34852600097656,0,801,694.3330078125,28
62.256725311279297,424.56326293945312,424.56326293945312,255.96783447265625,0,154.15249633789062,6.6791496276855469,801,683.10797119140625,28
56.6978759765625,303.85494995117188,303.85494995117188,315.61383056640625,0,156.9593505859375,9.1509008407592773,801,738.7393798828125,28
63.384880065917969,449.45858764648438,449.45858764648438,217.3939208984375,0,166.68577575683594,10.665678024291992,801,679.922119140625,28
62.844661712646484,437.79766845703125,437.79766845703125,234.63584899902344,0,160.36006164550781,9.0446586608886719,801,681.81597900390625,28
61.383308410644531,405.3721923828125,405.3721923828125,275.00314331054688,0,156.32551574707031,4.8309359550476074,801,682.45361328125,28
67.103080749511719,535.4395751953125,535.4395751953125,176.49151611328125,2.3796043395996094,168.18106079101562,9.3509273529052734,801,632.65118408203125,28
57.288745880126953,316.31695556640625,316.31695556640625,307.95953369140625,0,164.45773315429688,15.13564395904541,801,719.75640869140625,28
52.495998382568359,219.76060485839844,219.76060485839844,348.04464721679688,0,153.83241271972656,10.818038940429688,801,792.04248046875,28
62.384902954101562,427.3118896484375,427.3118896484375,231.48139953613281,0,163.642333984375,9.535984992980957,801,692.32366943359375,28
52.9847412109375,227.10360717773438,227.10360717773438,355.02032470703125,5.1010055541992188,153.78860473632812,11.763256072998047,801,771.149658203125,28
58.447952270507812,341.41180419921875,341.41180419921875,309.91397094726562,0,157.90457153320312,9.3860340118408203,801,704.92999267578125,28
61.727825164794922,412.65350341796875,412.65350341796875,252.78286743164062,0,158.49832153320312,5.5590863227844238,801,694.92742919921875,28
60.055168151855469,375.93304443359375,375.93304443359375,280.94454956054688,0,157.73085021972656,9.2269983291625977,801,700.0660400390625,28
58.254547119140625,337.70736694335938,337.70736694335938,324.20428466796875,0,145.17863464355469,0,801,716.576171875,28
57.847801208496094,328.57785034179688,328.57785034179688,306.42001342773438,0,154.7159423828125,6.7537870407104492,801,727.38623046875,28
58.354045867919922,339.72549438476562,339.72549438476562,306.720947265625,0.79694283008575439,158.29014587402344,8.8536319732666016,802.3619384765625,708.452392578125,28
53.31494140625,231.67372131347656,231.67372131347656,352.4207763671875,2.8322989940643311,162.17160034179688,16.915487289428711,801,757.88824462890625,28
51.195571899414062,200.55615234375,200.55615234375,359.39999389648438,24.539220809936523,140.38929748535156,11.77104663848877,801.25286865234375,787.21881103515625,28
57.672813415527344,324.1817626953125,324.1817626953125,315.61517333984375,0,154.10433959960938,9.1265983581542969,801,721.1077880859375,28
62.946319580078125,440.15859985351562,440.15859985351562,217.11138916015625,0,168.691650390625,11.924924850463867,801,686.1590576171875,28
62.414833068847656,427.60263061523438,427.60263061523438,229.63557434082031,0,182.1192626953125,20.746915817260742,801,664.33282470703125,28
63.320751190185547,447.89981079101562,447.89981079101562,238.3209228515625,0,164.46287536621094,10.916770935058594,801,662.72711181640625,28
56.601413726806641,301.70108032226562,301.70108032226562,340.88836669921875,0,149.04934692382812,3.7792534828186035,801,728.39654541015625,28
60.376457214355469,383.43399047851562,383.43399047851562,290.14443969726562,0,162.20899963378906,10.106592178344727,801,678.4813232421875,28
56.416542053222656,297.83819580078125,297.83819580078125,336.69003295898438,0,148.44296264648438,3.5452513694763184,801.22882080078125,737.285888671875,28
60.608448028564453,388.1190185546875,388.1190185546875,266.39459228515625,0,153.96839904785156,5.0162091255187988,801,710.99359130859375,28
64.946517944335938,484.72006225585938,484.72006225585938,205.10653686523438,0,175.55404663085938,13.00163459777832,801,645.8201904296875,28
52.513214111328125,220.68917846679688,220.68917846679688,356.55416870117188,0,148.00357055664062,14.224902153015137,805.7061767578125,779.90887451171875,28
52.2449951171875,214.91612243652344,214.91612243652344,357.62734985351562,10.403178215026855,150.4412841796875,16.381288528442383,801,773.90509033203125,28
57.626850128173828,323.78933715820312,323.78933715820312,321.47552490234375,0,158.72181701660156,8.234614372253418,801,711.78466796875,28
60.425201416015625,384.13638305664062,384.13638305664062,275.12506103515625,0,158.81381225585938,6.3317456245422363,801,699.71295166015625,28
51.194068908691406,200.46212768554688,200.46212768554688,356.13470458984375,4.1189308166503906,140.323486328125,9.6568536758422852,802.27740478515625,811.61865234375,28
58.594070434570312,344.72805786132812,344.72805786132812,308.5147705078125,0.15793655812740326,157.63494873046875,7.4404025077819824,801,705.20391845703125,28
62.51641845703125,430.36770629882812,430.36770629882812,231.22279357910156,2.5710852146148682,173.361328125,14.841611862182617,801,671.90814208984375,28
65.351058959960938,494.87442016601562,494.87442016601562,170.26693725585938,2.4514105319976807,179.83816528320312,18.200889587402344,801,658.54351806640625,28
59.648490905761719,367.67910766601562,367.67910766601562,273.73611450195312,0,162.01802062988281,9.0002546310424805,801,711.6182861328125,28
57.815208435058594,327.65829467773438,327.65829467773438,322.4024658203125,0.09764658659696579,152.82118225097656,8.7886791229248047,801.17291259765625,712.29962158203125,28
58.046432495117188,332.79315185546875,332.79315185546875,311.21649169921875,0,151.26573181152344,3.5466835498809814,801,725.34033203125,28
61.148910522460938,399.19342041015625,399.19342041015625,264.31973266601562,0,160.98675537109375,8.5851039886474609,801,691.3492431640625,28
59.123935699462891,356.12265014648438,356.12265014648438,313.16781616210938,0,143.607177734375,0,801,711.06256103515625,28
57.770355224609375,326.6336669921875,326.6336669921875,331.304443359375,0,144.71400451660156,1.9089348316192627,801,719.46038818359375,28
59.114250183105469,355.91656494140625,355.91656494140625,319.24038696289062,0,142.70059204101562,0,801,706.4788818359375,28
54.364532470703125,254.11505126953125,254.11505126953125,323.0587158203125,3.8839690685272217,177.88052368164062,28.217693328857422,801,736.94146728515625,28
53.951828002929688,242.43891906738281,242.43891906738281,356.49542236328125,0,169.58341979980469,24.498683929443359,801,730.74383544921875,28
54.856121063232422,263.61468505859375,263.61468505859375,342.41192626953125,0,169.10086059570312,17.604824066162109,801,731.3857421875,28
65.911422729492188,507.58316040039062,507.58316040039062,176.81764221191406,0.25611448287963867,170.098876953125,13.275218963623047,801,655.73388671875,28
65.144500732421875,488.68524169921875,488.68524169921875,192.5654296875,0,173.46701049804688,13.659608840942383,801,655.774169921875,28
65.4063720703125,495.42010498046875,495.42010498046875,205.46630859375,0,168.58624267578125,12.321219444274902,801,642.3897705078125,28
53.722248077392578,240.10391235351562,240.10391235351562,349.74615478515625,0,162.578857421875,17.752187728881836,803.11492919921875,751.7259521484375,28
52.365039825439453,216.50590515136719,216.50590515136719,356.42706298828125,0,147.6756591796875,12.55933666229248,801,790.69189453125,28
64.619285583496094,476.8778076171875,476.8778076171875,201.29351806640625,0,178.6856689453125,15.802640914916992,801,651.47589111328125,28
54.055755615234375,247.89053344726562,247.89053344726562,352.9554443359375,3.8337678909301758,154.89071655273438,10.471980094909668,801,754.32476806640625,28
56.253814697265625,294.72109985351562,294.72109985351562,349.40869140625,0.89174473285675049,154.32699584960938,6.0637998580932617,801,719.033447265625,28
61.021308898925781,398.22769165039062,398.22769165039062,260.79238891601562,0,152.58143615722656,7.3973503112792969,801,705.167724609375,28
67.025894165039062,533.474853515625,533.474853515625,151.11904907226562,0,188.91891479492188,18.34521484375,801,632.434326171875,28
65.797782897949219,506.17657470703125,506.17657470703125,178.68440246582031,0,182.46272277832031,23.671415328979492,801,633.33160400390625,28
54.465465545654297,255.57003784179688,255.57003784179688,339.01202392578125,0.82096672058105469,166.46275329589844,23.253374099731445,801,739.2139892578125,28
56.537433624267578,300.084228515625,300.084228515625,310.58889770507812,0,164.7301025390625,15.574846267700195,801,733.35107421875,28
65.029998779296875,486.63836669921875,486.63836669921875,202.20936584472656,0,169.03225708007812,11.121668815612793,801,654.68231201171875,28
65.8834228515625,506.71585083007812,506.71585083007812,197.78800964355469,0,170.11785888671875,11.879220962524414,801,637.10107421875,28
50.955547332763672,197.407958984375,197.407958984375,355.13299560546875,0,138.18556213378906,6.7642021179199219,801,826.5765380859375,28
66.153106689453125,512.58673095703125,512.58673095703125,188.90573120117188,0,173.88970947265625,16.057960510253906,801,633.04913330078125,28
57.733734130859375,326.43341064453125,326.43341064453125,338.97576904296875,0,150.69886779785156,3.7341241836547852,801,704.5457763671875,28
52.842067718505859,224.7021484375,224.7021484375,351.38037109375,4.0860695838928223,157.29150390625,15.532363891601562,804.33599853515625,768.04315185546875,28
54.42724609375,255.12612915039062,255.12612915039062,353.34127807617188,0,156.97134399414062,15.336559295654297,803.39508056640625,741.1053466796875,28
54.044696807861328,246.84652709960938,246.84652709960938,346.36376953125,1.323058009147644,172.79257202148438,22.686328887939453,804.273681640625,730.8134765625,28
57.909599304199219,328.99951171875,328.99951171875,317.54739379882812,0,151.42669677734375,7.2238016128540039,801,719.29718017578125,28
63.421680450439453,451.34494018554688,451.34494018554688,243.13003540039062,2.2401711940765381,163.40121459960938,8.8583602905273438,801,655.3712158203125,28
52.334232330322266,216.34808349609375,216.34808349609375,357.89251708984375,1.6539806127548218,151.44364929199219,16.096277236938477,807.55230712890625,774.31341552734375,28
63.043624877929688,442.25326538085938,442.25326538085938,234.6029052734375,0,154.02491760253906,5.2219343185424805,801,688.38134765625,28
62.457893371582031,429.26751708984375,429.26751708984375,235.7115478515625,0.97830790281295776,173.45710754394531,16.739879608154297,801,667.603759765625,28
57.817047119140625,328.26779174804688,328.26779174804688,319.17361450195312,0,158.79458618164062,6.9907693862915039,801,711.11029052734375,28
60.684356689453125,390.02798461914062,390.02798461914062,264.91067504882812,0,156.4552001953125,5.140110969543457,801,707.8375244140625,28
66.070541381835938,509.88287353515625,509.88287353515625,185.75825500488281,0,173.21781921386719,12.789290428161621,801,642.65020751953125,28
63.076103210449219,443.20025634765625,443.20025634765625,225.27877807617188,2.5732693672180176,173.293701171875,16.546554565429688,801,663.23907470703125,28
65.270790100097656,491.64932250976562,491.64932250976562,197.11619567871094,0,177.94395446777344,15.096592903137207,801,642.4251708984375,28
62.320472717285156,425.5477294921875,425.5477294921875,246.16264343261719,0,159.77215576171875,8.4991722106933594,801,684.07611083984375,28
63.748077392578125,458.05560302734375,458.05560302734375,209.01394653320312,0,172.4232177734375,12.852231979370117,801,671.2288818359375,28
60.223731994628906,379.42562866210938,379.42562866210938,274.83541870117188,0,161.70307922363281,11.775500297546387,801,696.406982421875,28
55.684440612792969,280.8265380859375,280.8265380859375,338.78619384765625,0,177.634765625,24.696525573730469,801,702.5660400390625,28
63.570072174072266,453.36917114257812,453.36917114257812,207.7064208984375,0,177.20249938964844,18.206611633300781,801,667.55841064453125,28
66.535408020019531,522.797119140625,522.797119140625,183.04562377929688,0,187.98277282714844,19.069507598876953,801,611.06500244140625,28
58.999370574951172,353.7242431640625,353.7242431640625,315.41265869140625,0,150.83372497558594,3.2248635292053223,801,700.6246337890625,28
50.024265289306641,186.27688598632812,186.27688598632812,357.65432739257812,62.144889831542969,130.39381408691406,0,801,787.64959716796875,28
49.436721801757812,177.93125915527344,177.93125915527344,358.80197143554688,33.860153198242188,124.5518798828125,1.6224608421325684,801,827.68731689453125,28
55.416893005371094,274.8905029296875,274.8905029296875,338.63531494140625,0,171.7083740234375,21.456668853759766,801,717.4027099609375,28
53.5076904296875,237.4654541015625,237.4654541015625,357.8367919921875,10.697160720825195,162.26010131835938,22.631467819213867,801.35552978515625,732.858642578125,28
54.580718994140625,255.60205078125,255.60205078125,350.9774169921875,0,178.92143249511719,26.842124938964844,801,712.10052490234375,28
63.739738464355469,456.89566040039062,456.89566040039062,227.36257934570312,0,162.09736633300781,7.5986328125,801,670.5513916015625,28
59.322704315185547,360.80715942382812,360.80715942382812,307.28347778320312,0,160.39450073242188,7.9446911811828613,801,687.96368408203125,28
65.970527648925781,508.9296875,508.9296875,161.76527404785156,0.48055827617645264,197.87821960449219,24.877761840820312,801.0374755859375,630.4356689453125,28
63.622413635253906,454.11532592773438,454.11532592773438,222.79301452636719,0.050513561815023422,169.919677734375,13.87790584564209,801,663.656982421875,28
62.140289306640625,422.48165893554688,422.48165893554688,247.07130432128906,0,162.45179748535156,6.8134698867797852,801,684.947509765625,28
50.247764587402344,188.92897033691406,188.92897033691406,357.40731811523438,13.414375305175781,132.25027465820312,4.229680061340332,808.38287353515625,820.4986572265625,28
58.761844635009766,347.6666259765625,347.6666259765625,309.29861450195312,0,145.66259765625,2.3316531181335449,801,719.4481201171875,28
61.90576171875,417.441162109375,417.441162109375,237.23658752441406,0,165.95436096191406,9.6526241302490234,801,693.5789794921875,28
64.91070556640625,483.92626953125,483.92626953125,190.10386657714844,0,170.35572814941406,13.536949157714844,801,666.364990234375,28
57.955970764160156,331.24481201171875,331.24481201171875,322.26602172851562,1.2437119483947754,156.53164672851562,7.4367799758911133,801,705.251708984375,28
61.617172241210938,410.29843139648438,410.29843139648438,237.84555053710938,0,174.64910888671875,16.397239685058594,801,684.682373046875,28
63.473716735839844,451.66909790039062,451.66909790039062,223.775390625,0,177.21006774902344,14.471150398254395,801,657.21282958984375,28
64.454414367675781,474.285400390625,474.285400390625,219.13482666015625,1.9099630117416382,166.04067993164062,9.0349445343017578,801.730712890625,653.264892578125,28
59.499458312988281,363.98037719726562,363.98037719726562,296.98992919921875,0,148.79714965820312,5.087275505065918,801,709.482666015625,28
62.838020324707031,437.21536254882812,437.21536254882812,233.51998901367188,0,161.24295043945312,8.1429834365844727,801,683.900390625,28
49.241004943847656,177.61892700195312,177.61892700195312,355.43301391601562,43.030426025390625,124.33324432373047,3.8118388652801514,801.71331787109375,818.759521484375,28
63.980148315429688,463.30194091796875,463.30194091796875,219.05796813964844,0,165.52203369140625,13.303228378295898,801,663.22662353515625,28
61.7353515625,413.825927734375,413.825927734375,265.5185546875,0,149.43031311035156,4.9473342895507812,801,690.54974365234375,28
66.769805908203125,526.45916748046875,526.45916748046875,148.13710021972656,0,184.20021057128906,19.476966857910156,801,646.23016357421875,28
58.157474517822266,335.71142578125,335.71142578125,292.60791015625,0,156.0335693359375,10.404906272888184,801,729.35614013671875,28
52.225013732910156,214.21424865722656,214.21424865722656,357.78927612304688,0,149.94996643066406,7.5452737808227539,801,794.68798828125,28
61.871719360351562,416.09243774414062,416.09243774414062,239.3521728515625,0,171.31198120117188,17.109600067138672,801,680.10546875,28
58.227657318115234,336.7392578125,336.7392578125,314.9193115234375,0,154.19227600097656,5.8498353958129883,801,711.9056396484375,28
49.707450866699219,182.03105163574219,182.03105163574219,357.56640625,54.361354827880859,127.42173767089844,1.1939448118209839,804.1195068359375,798.54248046875,28
56.833766937255859,307.22589111328125,307.22589111328125,320.41986083984375,0,146.76168823242188,5.2074766159057617,801,744.48980712890625,28
54.989833831787109,266.43795776367188,266.43795776367188,357.11428833007812,0,147.56599426269531,7.8065824508666992,801,745.33209228515625,28
57.677520751953125,325.20733642578125,325.20733642578125,325.61370849609375,0,146.18240356445312,0,801.00994873046875,727.22265625,28
56.908042907714844,307.8095703125,307.8095703125,304.66546630859375,0,180.19979858398438,26.13026237487793,801,705.51397705078125,28
50.6162109375,193.30270385742188,193.30270385742188,359.39999389648438,20.995708465576172,135.3118896484375,7.0623540878295898,807.53424072265625,800.9886474609375,28
61.295700073242188,403.76571655273438,403.76571655273438,250.88932800292969,0,169.03181457519531,12.721113204956055,802.9007568359375,685.95587158203125,28
57.315250396728516,316.63302612304688,316.63302612304688,303.64102172851562,0,170.00595092773438,17.434303283691406,801,716.3551025390625,28
66.502449035644531,521.8712158203125,521.8712158203125,158.66566467285156,0,174.8646240234375,17.192676544189453,801,651.273193359375,28
65.55450439453125,498.81356811523438,498.81356811523438,176.9620361328125,0.78561633825302124,185.89253234863281,18.680980682373047,801,643.028076171875,28
58.564926147460938,344.190185546875,344.190185546875,291.546875,0,155.41787719726562,7.260185718536377,801,725.51287841796875,28
58.274127960205078,337.797607421875,337.797607421875,315.85458374023438,0,151.71430969238281,2.9706532955169678,801,715.884033203125,28
65.016494750976562,486.26397705078125,486.26397705078125,203.70108032226562,0,175.87388610839844,13.202995300292969,801,645.172607421875,28
64.851516723632812,482.59478759765625,482.59478759765625,189.45652770996094,0,181.53363037109375,17.715480804443359,801,652.29168701171875,28
63.054676055908203,443.07211303710938,443.07211303710938,241.68435668945312,0,149.93959045410156,0.9245152473449707,801,688.62103271484375,28
58.898269653320312,351.37750244140625,351.37750244140625,276.76425170898438,0,174.23916625976562,20.207107543945312,801,701.18621826171875,28
56.678398132324219,303.56967163085938,303.56967163085938,314.445068359375,0.98789417743682861,158.82089233398438,13.484049797058105,801,732.88726806640625,28
61.176872253417969,400.07937622070312,400.07937622070312,257.74755859375,0,165.80601501464844,13.484049797058105,801,687.2108154296875,28
60.950439453125,395.71807861328125,395.71807861328125,265.34698486328125,2.6681396961212158,158.40031433105469,8.2428245544433594,801,694.12799072265625,28
63.039493560791016,441.74520874023438,441.74520874023438,225.0787353515625,0,162.55010986328125,10.689874649047852,801,684.3885498046875,28
56.360267639160156,296.72079467773438,296.72079467773438,330.45416259765625,0,149.94316101074219,8.5186481475830078,801,738.21514892578125,28
64.267189025878906,469.99407958984375,469.99407958984375,223.51617431640625,0,158.86495971679688,8.4826478958129883,801,663.420166015625,28
59.446453094482422,363.09408569335938,363.09408569335938,290.3310546875,0,158.10948181152344,5.6474847793579102,801,707.2586669921875,28
66.535606384277344,522.8052978515625,522.8052978515625,165.30906677246094,0,170.06236267089844,15.006178855895996,801,651.00146484375,28
64.815895080566406,481.91680908203125,481.91680908203125,199.95925903320312,0,178.91299438476562,15.75291919708252,801.960205078125,646.6529541015625,28
62.937232971191406,439.05844116210938,439.05844116210938,238.28564453125,0,166.205810546875,9.3014440536499023,801,671.54638671875,28
66.443260192871094,519.34893798828125,519.34893798828125,183.2208251953125,0,169.31707763671875,9.3014440536499023,801,643.084228515625,28
62.705360412597656,434.30810546875,434.30810546875,223.1158447265625,0,173.96125793457031,14.629167556762695,801,677.95013427734375,28
58.277015686035156,338.48074340820312,338.48074340820312,303.91909790039062,0,159.3712158203125,14.794344902038574,801,707.90484619140625,28
54.157878875732422,248.79844665527344,248.79844665527344,340.56051635742188,1.0959130525588989,174.15890502929688,23.514041900634766,803.4805908203125,733.82861328125,28
58.397609710693359,340.17364501953125,340.17364501953125,297.179931640625,0,160.44061279296875,12.17296314239502,801,713.752685546875,28
64.273727416992188,470.21884155273438,470.21884155273438,192.8988037109375,0,174.14888000488281,14.772205352783203,801,671.52264404296875,28
60.654518127441406,388.685546875,388.685546875,278.97891235351562,0,153.83836364746094,4.7672576904296875,801,698.02001953125,28
58.171775817871094,335.744384765625,335.744384765625,294.47991943359375,0,154.39735412597656,8.2415075302124023,801,731.36102294921875,28
55.451820373535156,276.97161865234375,276.97161865234375,354.990234375,1.1578099727630615,154.50848388671875,8.6244182586669922,801,727.66802978515625,28
57.177738189697266,313.504638671875,313.504638671875,335.6866455078125,0,146.19198608398438,2.0945677757263184,801,726.90411376953125,28
59.474555969238281,363.93743896484375,363.93743896484375,304.00607299804688,0,153.06375122070312,4.0665135383605957,801,698.6324462890625,28
60.87347412109375,393.83609008789062,393.83609008789062,277.561767578125,0,156.35897827148438,5.2362127304077148,801,691.07159423828125,28
61.787654876708984,414.9696044921875,414.9696044921875,241.25129699707031,3.2991185188293457,166.41067504882812,11.055937767028809,801,686.94805908203125,28
53.0269775390625,228.83941650390625,228.83941650390625,359.39999389648438,6.8178272247314453,150.8140869140625,13.424594879150391,803.65765380859375,762.19171142578125,28
59.752445220947266,370.310302734375,370.310302734375,270.26583862304688,0,154.71049499511719,7.299872875213623,801,721.6300048828125,28
57.074081420898438,311.56686401367188,311.56686401367188,321.87173461914062,0,157.00546264648438,11.166409492492676,801,722.0701904296875,28
56.13726806640625,291.52249145507812,291.52249145507812,335.93344116210938,0,167.38801574707031,16.139354705810547,801,712.78314208984375,28
60.929061889648438,395.23861694335938,395.23861694335938,253.44395446777344,0,174.62411499023438,18.498241424560547,801,682.0943603515625,28
52.491790771484375,219.34552001953125,219.34552001953125,356.68331909179688,9.2401103973388672,153.54185485839844,15.898012161254883,806.10308837890625,764.54345703125,28
50.474483489990234,190.77467346191406,190.77467346191406,358.99331665039062,39.614723205566406,133.54226684570312,3.8063383102416992,801,797.059814453125,28
51.804405212402344,207.84526062011719,207.84526062011719,357.155517578125,0.15716670453548431,145.49168395996094,7.121556282043457,801,805.98065185546875,28
51.897911071777344,209.6351318359375,209.6351318359375,356.5562744140625,14.349010467529297,146.74458312988281,10.80142879486084,802.10882568359375,785.16552734375,28
53.809711456298828,240.42088317871094,240.42088317871094,356.5902099609375,0,160.64073181152344,18.497074127197266,801,747.93292236328125,28
56.092250823974609,290.32693481445312,290.32693481445312,313.84469604492188,0,172.60794067382812,22.518531799316406,801,724.81060791015625,28
57.942131042480469,330.96490478515625,330.96490478515625,312.5047607421875,0.48547977209091187,153.38691711425781,10.121419906616211,801,716.56158447265625,28
57.771759033203125,327.06484985351562,327.06484985351562,317.85568237304688,0,146.14414978027344,0.67187023162841797,801,732.5531005859375,28
65.420257568359375,495.92263793945312,495.92263793945312,202.58856201171875,0,169.77847290039062,9.6697635650634766,801.1761474609375,645.89990234375,28
64.483566284179688,475.76412963867188,475.76412963867188,215.559814453125,0,154.96502685546875,4.9910783767700195,801,672.35028076171875,28
56.612270355224609,301.81658935546875,301.81658935546875,325.89730834960938,0,155.13275146484375,12.35568904876709,801.3702392578125,728.868408203125,28
51.560890197753906,205.07630920410156,205.07630920410156,358.97357177734375,21.486001968383789,143.55342102050781,11.303631782531738,802.3707275390625,782.7197265625,28
62.047260284423828,420.24905395507812,420.24905395507812,251.703369140625,0,160.0281982421875,5.1761360168457031,801,687.06341552734375,28
55.1619873046875,270.69049072265625,270.69049072265625,339.97940063476562,0,156.03445434570312,12.117343902587891,801,744.8602294921875,28
63.134002685546875,444.55755615234375,444.55755615234375,234.66522216796875,0,160.52047729492188,10.039951324462891,801,673.9581298828125,28
64.126976013183594,466.4405517578125,466.4405517578125,201.89463806152344,0,171.91595458984375,12.176523208618164,801,671.6890869140625,28
52.943233489990234,225.90386962890625,225.90386962890625,349.48941040039062,0,155.07675170898438,14.318199157714844,801.0760498046875,779.63507080078125,28
61.997764587402344,419.43206787109375,419.43206787109375,249.4639892578125,0,170.27908325195312,10.577054977416992,801,674.495849609375,28
65.666519165039062,501.34918212890625,501.34918212890625,205.44212341308594,0,166.48684692382812,9.789729118347168,801,641.1995849609375,28
58.422679901123047,340.66107177734375,340.66107177734375,317.00677490234375,0,154.10113525390625,7.6486072540283203,801,704.63494873046875,28
57.8316650390625,328.44357299804688,328.44357299804688,314.33175659179688,0,153.09773254394531,4.9679427146911621,801,722.78179931640625,28
64.082969665527344,465.22650146484375,465.22650146484375,221.61148071289062,0,165.71847534179688,8.6417856216430664,801,662.719482421875,28
62.288711547851562,425.04461669921875,425.04461669921875,242.39445495605469,0,158.52339172363281,8.6417856216430664,801,689.6944580078125,28
52.774742126464844,222.98347473144531,222.98347473144531,357.6278076171875,0,150.23780822753906,9.8650531768798828,801,782.900146484375,28
52.663345336914062,221.64407348632812,221.64407348632812,356.72769165039062,6.4052996635437012,150.11898803710938,12.567108154296875,801,776.33795166015625,28
62.720375061035156,434.837158203125,434.837158203125,248.0482177734375,0,157.51657104492188,6.7955961227416992,801,676.65362548828125,28
63.08099365234375,443.22027587890625,443.22027587890625,242.82647705078125,0,171.49598693847656,12.876229286193848,801,653.68701171875,28
54.735019683837891,260.6561279296875,260.6561279296875,347.13275146484375,0,163.16090393066406,15.206027984619141,801,737.87921142578125,28
55.804294586181641,284.033203125,284.033203125,354.9769287109375,0,152.30160522460938,8.9438591003417969,801,723.7987060546875,28
50.517402648925781,191.59774780273438,191.59774780273438,357.05828857421875,6.2489142417907715,134.11842346191406,5.3768024444580078,801.6883544921875,829.12994384765625,28
61.880718231201172,416.51919555664062,416.51919555664062,263.01348876953125,0,159.91635131835938,8.5365896224975586,801,675.62164306640625,28
62.564094543457031,431.79983520507812,431.79983520507812,239.08090209960938,0,164.29452514648438,12.813108444213867,802.35430908203125,675.15350341796875,28
60.662574768066406,389.69549560546875,389.69549560546875,262.88174438476562,0,160.38124084472656,11.442426681518555,801,699.44281005859375,28
57.938385009765625,329.64437866210938,329.64437866210938,299.34893798828125,0,167.67404174804688,15.053445816040039,801,712.74749755859375,28
57.954765319824219,331.039794921875,331.039794921875,308.4730224609375,0,150.72975158691406,8.2082157135009766,801,725.69171142578125,28
56.945236206054688,308.92874145507812,308.92874145507812,330.875,0,150.72584533691406,7.4228901863098145,801,725.71270751953125,28
59.163497924804688,356.54815673828125,356.54815673828125,286.16006469726562,0,155.47317504882812,7.5522403717041016,801,718.482177734375,28
55.920555114746094,286.6871337890625,286.6871337890625,341.18869018554688,0,150.09103393554688,9.6196708679199219,801,736.83270263671875,28
60.462543487548828,385.91900634765625,385.91900634765625,283.86724853515625,0,168.24362182617188,13.527694702148438,801,672.48028564453125,28
54.738380432128906,262.35443115234375,262.35443115234375,354.68215942382812,3.2308483123779297,158.57261657714844,11.382016181945801,801,733.52545166015625,28
52.808090209960938,223.13682556152344,223.13682556152344,351.44036865234375,0,156.19577026367188,14.219306945800781,801,778.87689208984375,28
65.635055541992188,500.75009155273438,500.75009155273438,209.92813110351562,0,165.53701782226562,9.1881504058837891,801,639.0906982421875,28
63.817298889160156,459.0098876953125,459.0098876953125,224.53321838378906,0,164.28874206542969,9.1881504058837891,801,666.9039306640625,28
49.726577758789062,182.23912048339844,182.23912048339844,357.4964599609375,22.761699676513672,127.5673828125,2.1809115409851074,804.687744140625,828.1787109375,28
50.18316650390625,187.47288513183594,187.47288513183594,357.28347778320312,17.33966064453125,131.23101806640625,3.2476933002471924,803.2425537109375,825.31304931640625,28
56.397880554199219,297.30459594726562,297.30459594726562,348.23788452148438,0,147.18284606933594,3.5229876041412354,801,727.483154296875,28
59.614185333251953,366.3519287109375,366.3519287109375,281.75216674804688,0,167.17704772949219,12.352594375610352,801,696.50006103515625,28
54.341644287109375,251.39022827148438,251.39022827148438,353.09576416015625,0,170.09283447265625,25.15266227722168,801,724.0875244140625,28
59.365680694580078,361.02618408203125,361.02618408203125,292.968017578125,0,160.06820678710938,12.300237655639648,801,698.036376953125,28
60.643402099609375,388.55328369140625,388.55328369140625,255.3746337890625,0,164.87075805664062,12.334728240966797,801,703.3544921875,28
61.57733154296875,409.84646606445312,409.84646606445312,272.51779174804688,0,151.0130615234375,1.4619185924530029,801,689.13177490234375,28
65.834915161132812,506.6239013671875,506.6239013671875,209.68801879882812,0,158.97958374023438,3.8269188404083252,801,644.8955078125,28
53.698986053466797,238.18731689453125,238.18731689453125,358.60208129882812,0,156.73622131347656,15.346555709838867,801,755.620361328125,28
61.901725769042969,416.97967529296875,416.97967529296875,267.78536987304688,0,158.68923950195312,6.6618757247924805,801,673.741943359375,28
58.201808929443359,335.89688110351562,335.89688110351562,304.8204345703125,0,152.66729736328125,6.8935575485229492,801,723.6053466796875,28
49.157787322998047,176.64471435546875,176.64471435546875,356.23040771484375,71.742874145507812,123.65129852294922,3.8484954833984375,801,792.28863525390625,28
62.757099151611328,434.89895629882812,434.89895629882812,231.76422119140625,0,173.06611633300781,14.911338806152344,801,669.52978515625,28
62.116542816162109,420.684814453125,420.684814453125,240.85223388671875,0.30159848928451538,167.71939086914062,11.99315071105957,801,682.77593994140625,28
60.244316101074219,379.57681274414062,379.57681274414062,280.34835815429688,0,155.13603210449219,7.0638504028320312,801,702.26568603515625,28
62.247669219970703,424.40789794921875,424.40789794921875,241.48251342773438,1.0042082071304321,166.9066162109375,11.42762565612793,801.998779296875,678.0106201171875,28
66.107749938964844,511.57962036132812,511.57962036132812,163.42575073242188,0,180.90312194824219,18.99919319152832,801,648.72357177734375,28
66.569236755371094,523.43878173828125,523.43878173828125,148.51640319824219,4.6077637672424316,184.30162048339844,20.789390563964844,801,642.53912353515625,28
63.11431884765625,443.42385864257812,443.42385864257812,224.51113891601562,0,164.41912841796875,12.478063583374023,801,679.66595458984375,28
60.455093383789062,384.62765502929688,384.62765502929688,263.932373046875,0,174.28630065917969,17.771940231323242,801,683.532470703125,28
62.502597808837891,430.200927734375,430.200927734375,247.22769165039062,0,173.20454406738281,15.718843460083008,801,657.87677001953125,28
64.797920227050781,481.13006591796875,481.13006591796875,189.80387878417969,0,174.82687377929688,14.567050933837891,801,663.853271484375,28
60.545864105224609,387.36920166015625,387.36920166015625,271.51519775390625,0,155.39131164550781,8.8792934417724609,801,700.6614990234375,28
51.808059692382812,209.33554077148438,209.33554077148438,354.78469848632812,0.52498221397399902,146.53488159179688,10.744173049926758,809.01947021484375,794.56298828125,28
57.194240570068359,313.81427001953125,313.81427001953125,324.43698120117188,0,148.76632690429688,4.3881015777587891,801,732.96356201171875,28
56.161979675292969,292.7630615234375,292.7630615234375,334.60086059570312,3.1678032875061035,150.45829772949219,8.2320413589477539,801,734.9725341796875,28
55.212875366210938,271.65237426757812,271.65237426757812,359.20916748046875,0,162.23567199707031,13.413987159729004,801,717.427978515625,28
61.970100402832031,418.69656372070312,418.69656372070312,263.21133422851562,1.9720696210861206,157.47317504882812,7.3549957275390625,801,675.5933837890625,28
67.128730773925781,537.13616943359375,537.13616943359375,165.46139526367188,1.4908914566040039,166.23904418945312,11.761015892028809,801,641.97906494140625,28
57.113353729248047,312.47442626953125,312.47442626953125,336.67874145507812,0,147.75857543945312,5.8933157920837402,801,721.3055419921875,28
54.739143371582031,262.3642578125,262.3642578125,357.20675659179688,0,151.22506713867188,13.124820709228516,801,739.666748046875,28
50.562484741210938,191.78330993652344,191.78330993652344,359.32742309570312,18.780406951904297,134.24832153320312,2.1407008171081543,804.71844482421875,814.0335693359375,28
49.992195129394531,185.79188537597656,185.79188537597656,359.39999389648438,5.0457649230957031,129.0225830078125,2.0835378170013428,806.27252197265625,837.0672607421875,28
63.680183410644531,455.34378051757812,455.34378051757812,223.08859252929688,0,169.86845397949219,12.429477691650391,801,663.60064697265625,28
63.488468170166016,451.8509521484375,451.8509521484375,232.849853515625,0,165.62911987304688,12.429477691650391,801,661.61431884765625,28
57.070461273193359,311.44558715820312,311.44558715820312,305.74932861328125,0,169.16310119628906,16.949621200561523,801,720.78155517578125,28
55.939804077148438,287.3609619140625,287.3609619140625,342.61907958984375,0,147.65980529785156,5.8027033805847168,801,740.279541015625,28
55.296443939208984,272.868896484375,272.868896484375,350.78204345703125,0,147.65980529785156,6.7768154144287109,801,746.404052734375,28
55.331703186035156,273.4075927734375,273.4075927734375,322.22589111328125,0,181.82676696777344,28.515874862670898,801,717.7039794921875,28
58.774215698242188,348.36334228515625,348.36334228515625,300.01849365234375,0,148.90359497070312,2.8868381977081299,801,723.97174072265625,28
66.268394470214844,514.96533203125,514.96533203125,186.15669250488281,0,167.94805908203125,11.179176330566406,801,644.05279541015625,28
50.560550689697266,191.73907470703125,191.73907470703125,358.86618041992188,37.806190490722656,134.21734619140625,4.8878517150878906,801,796.7503662109375,28
57.028095245361328,310.7762451171875,310.7762451171875,333.42657470703125,0,146.57929992675781,1.8004971742630005,801,731.52655029296875,28
57.495121002197266,320.70089721679688,320.70089721679688,318.659912109375,0,147.96197509765625,6.1284894943237305,801,730.86181640625,28
64.643447875976562,478.12152099609375,478.12152099609375,201.369140625,0,167.92874145507812,13.815855026245117,801,662.99530029296875,28
64.814300537109375,481.37509155273438,481.37509155273438,202.3614501953125,0,175.41268920898438,14.697007179260254,801,650.00311279296875,28
56.058177947998047,289.4384765625,289.4384765625,346.15798950195312,0,149.40083312988281,4.4445562362670898,801,735.01214599609375,28
63.296676635742188,447.52297973632812,447.52297973632812,223.95712280273438,0,171.7596435546875,14.807976722717285,801,665.49652099609375,28
60.738456726074219,390.53054809570312,390.53054809570312,272.71392822265625,0,155.02523803710938,5.0365028381347656,801,701.06378173828125,28
51.297195434570312,201.121826171875,201.121826171875,357.91119384765625,2.0904121398925781,140.7852783203125,7.1316127777099609,803.35089111328125,812.20794677734375,28
62.1307373046875,421.8370361328125,421.8370361328125,248.09751892089844,0,161.56794738769531,11.444071769714355,801,681.173583984375,28
61.069580078125,398.63153076171875,398.63153076171875,290.33355712890625,0,146.88887023925781,0.018526792526245117,801,688.550537109375,28
57.343421936035156,317.374267578125,317.374267578125,323.75238037109375,1.1849093437194824,158.61883544921875,10.388572692871094,801,712.81842041015625,28
59.915584564208984,372.93170166015625,372.93170166015625,281.11795043945312,0,163.7198486328125,11.144277572631836,801,694.83685302734375,28
63.263736724853516,446.87103271484375,446.87103271484375,237.46060180664062,0,165.23095703125,9.5898704528808594,801,664.59033203125,28
61.019638061523438,397.27816772460938,397.27816772460938,270.49874877929688,0,148.06611633300781,2.5538287162780762,801,706.0184326171875,28
59.918411254882812,373.1243896484375,373.1243896484375,286.78952026367188,0.39003390073776245,151.94288635253906,3.2332890033721924,801,708.71240234375,28
49.836967468261719,182.35191345214844,182.35191345214844,359.15655517578125,46.429519653320312,127.64631652832031,0.7643771767616272,801,807.93670654296875,28
64.22308349609375,468.290771484375,468.290771484375,225.5333251953125,0,166.29588317871094,9.6674995422363281,801,654.30810546875,28
63.652595520019531,455.26663208007812,455.26663208007812,233.11946105957031,0,166.79338073730469,11.074396133422852,801,657.97979736328125,28
65.686874389648438,501.94744873046875,501.94744873046875,172.75669860839844,2.0949180126190186,187.84745788574219,20.430200576782227,801,639.099609375,28
64.448066711425781,473.21820068359375,473.21820068359375,202.09638977050781,0,171.22543334960938,12.578807830810547,801,664.8192138671875,28
51.49169921875,203.784912109375,203.784912109375,359.39999389648438,23.161699295043945,142.6494140625,9.5032033920288086,801.921875,785.08642578125,28
52.066219329833984,212.84149169921875,212.84149169921875,359.39999389648438,4.0905938148498535,146.47500610351562,13.586747169494629,807.0589599609375,782.004150390625,28
59.235382080078125,358.42623901367188,358.42623901367188,306.40142822265625,0,144.614990234375,0.55666756629943848,801,713.951171875,28
58.489368438720703,341.84072875976562,341.84072875976562,318.34133911132812,0,150.90509033203125,4.462763786315918,801,708.70892333984375,28
59.553863525390625,366.05142211914062,366.05142211914062,270.85040283203125,0,156.39567565917969,7.7551078796386719,801,723.16851806640625,28
58.360874176025391,340.0234375,340.0234375,312.39111328125,0,162.0953369140625,8.5602588653564453,801,701.42083740234375,28
59.501693725585938,364.01116943359375,364.01116943359375,280.32376098632812,0.71305644512176514,167.26129150390625,12.620944976806641,801,699.30096435546875,28
49.167694091796875,177.43540954589844,177.43540954589844,352.16107177734375,76.000312805175781,124.20478057861328,0.17793752253055573,802.8507080078125,791.76641845703125,28
49.605850219726562,180.56840515136719,180.56840515136719,359.39999389648438,34.320671081542969,126.39788055419922,2.6411905288696289,807.818603515625,814.2388916015625,28
58.44049072265625,340.97128295898438,340.97128295898438,299.03692626953125,0,158.08583068847656,9.2490663528442383,801,716.4296875,28
64.023674011230469,463.358154296875,463.358154296875,215.87359619140625,0,168.63934326171875,13.173746109008789,801,663.196044921875,28
64.857284545898438,482.91864013671875,482.91864013671875,190.44931030273438,0,185.37765502929688,18.916418075561523,801,646.2333984375,28
54.035079956054688,246.68893432617188,246.68893432617188,352.40814208984375,0.8807443380355835,156.29696655273438,14.331499099731445,801.04229736328125,753.0390625,28
54.858009338378906,263.62603759765625,263.62603759765625,340.81625366210938,0.69612967967987061,167.83644104003906,19.232065200805664,801.84619140625,730.89459228515625,28
54.826904296875,263.05630493164062,263.05630493164062,358.06521606445312,1.2293287515640259,172.82955932617188,24.242168426513672,801,704.2869873046875,28
55.771949768066406,282.92239379882812,282.92239379882812,312.01043701171875,0,180.859375,28.207740783691406,801,720.50823974609375,28
55.197235107421875,270.93191528320312,270.93191528320312,324.31790161132812,0,174.27200317382812,24.242168426513672,801,729.96759033203125,28
55.73101806640625,282.2462158203125,282.2462158203125,345.5345458984375,0,148.89920043945312,7.5483713150024414,801,740.13983154296875,28
62.452739715576172,428.87185668945312,428.87185668945312,241.45443725585938,0,174.2515869140625,16.987293243408203,801.28826904296875,662.38311767578125,28
58.705406188964844,346.53262329101562,346.53262329101562,280.01275634765625,0,170.7528076171875,16.759906768798828,801,710.3660888671875,28
62.355606079101562,425.79803466796875,425.79803466796875,234.14761352539062,0,171.53976440429688,15.376073837280273,801,677.57666015625,28
63.592254638671875,453.42950439453125,453.42950439453125,219.64408874511719,0,175.02423095703125,14.561122894287109,801,661.76220703125,28
66.931053161621094,531.3662109375,531.3662109375,144.69496154785156,0,179.26385498046875,17.329532623291016,801,651.75872802734375,28
64.238510131835938,468.62887573242188,468.62887573242188,205.04989624023438,0.2942466139793396,186.18362426757812,21.411430358886719,801,642.8123779296875,28
67.28314208984375,539.06036376953125,539.06036376953125,144.69496154785156,0,183.48103332519531,17.329532623291016,801,639.3680419921875,28
67.11273193359375,536.65771484375,536.65771484375,168.63957214355469,4.4256963729858398,188.05461120605469,20.508113861083984,801.2373046875,605.863037109375,28
66.910011291503906,529.67987060546875,529.67987060546875,153.46717834472656,0,180.03741455078125,18.61277961730957,801,642.5689697265625,28
66.486335754394531,521.319580078125,521.319580078125,152.2742919921875,0,178.76596069335938,18.61277961730957,801,652.9659423828125,28
50.115985870361328,187.19863891601562,187.19863891601562,356.52642822265625,20.696933746337891,131.03904724121094,4.5616459846496582,802.89874267578125,821.739013671875,28
63.534427642822266,452.02786254882812,452.02786254882812,226.92535400390625,0,165.70791625976562,10.27293586730957,801,669.53631591796875,28
60.380184173583984,383.810546875,383.810546875,267.6865234375,0.46164980530738831,153.38955688476562,6.6195955276489258,801,712.09222412109375,28
59.316150665283203,360.71115112304688,360.71115112304688,262.54739379882812,0.65612739324569702,181.98239135742188,22.153596878051758,801,696.37884521484375,28
57.342788696289062,317.25509643554688,317.25509643554688,331.98300170898438,0,142.58970642089844,2.2870724201202393,801,730.26336669921875,28
64.145965576171875,466.92367553710938,466.92367553710938,209.36082458496094,0,164.09890747070312,10.249524116516113,801,673.28021240234375,28
52.640068054199219,221.0277099609375,221.0277099609375,356.65716552734375,0,150.36029052734375,14.915775299072266,801.42095947265625,780.20355224609375,28
59.276344299316406,359.54965209960938,359.54965209960938,285.24600219726562,0,176.88400268554688,18.762805938720703,801,684.001708984375,28
59.827594757080078,371.2313232421875,371.2313232421875,284.86676025390625,0,154.6207275390625,5.4558429718017578,801,707.51220703125,28
55.589752197265625,278.74346923828125,278.74346923828125,349.39083862304688,0,155.10398864746094,11.472599983215332,801,729.738037109375,28
65.000717163085938,485.39324951171875,485.39324951171875,197.26791381835938,0,173.40074157714844,12.45722484588623,801,655.939453125,28
60.980739593505859,397.24691772460938,397.24691772460938,276.50546264648438,0,155.22869873046875,8.9171352386474609,801,686.209716796875,28
65.167449951171875,489.412353515625,489.412353515625,185.95414733886719,0,180.30325317382812,15.864884376525879,801,652.9217529296875,28
64.255294799804688,469.58334350585938,469.58334350585938,225.18170166015625,0,173.05439758300781,11.94566535949707,801,644.548828125,28
56.737705230712891,304.62789916992188,304.62789916992188,337.07266235351562,0,152.08396911621094,6.8232560157775879,801.177490234375,722.74200439453125,28
57.753211975097656,326.56924438476562,326.56924438476562,307.291015625,0,152.67811584472656,5.1361260414123535,801,732.64923095703125,28
56.022624969482422,289.17739868164062,289.17739868164062,348.82888793945312,0.19701440632343292,145.75984191894531,4.5287251472473145,801.4854736328125,735.00872802734375,28
66.283050537109375,516.03765869140625,516.03765869140625,164.95710754394531,2.1436715126037598,186.93464660644531,19.689712524414062,802.32965087890625,633.3109130859375,28
62.664726257324219,432.950927734375,432.950927734375,225.92884826660156,0,178.17658996582031,17.406766891479492,801,669.85009765625,28
60.134246826171875,378.25997924804688,378.25997924804688,262.18936157226562,0,164.04783630371094,14.590755462646484,801,705.2237548828125,28
56.029327392578125,289.36083984375,289.36083984375,348.36788940429688,0,141.54118347167969,3.3393774032592773,801.0626220703125,741.5555419921875,28
50.610012054443359,193.00090026855469,193.00090026855469,359.39999389648438,16.44312858581543,135.10063171386719,10.035873413085938,802.439697265625,809.0078125,28
52.436775207519531,217.49324035644531,217.49324035644531,355.4171142578125,1.7536463737487793,152.24526977539062,17.430332183837891,801,779.21240234375,28
53.239105224609375,230.97940063476562,230.97940063476562,352.60382080078125,6.5468611717224121,160.78401184082031,21.037643432617188,801,752.31671142578125,28
51.69580078125,206.72439575195312,206.72439575195312,359.39999389648438,1.8028345108032227,144.70704650878906,11.313718795776367,808.3341064453125,792.97076416015625,28
50.376358032226562,190.43142700195312,190.43142700195312,356.93576049804688,17.251304626464844,133.302001953125,5.095306396484375,807.70147705078125,814.7607421875,28
59.974388122558594,373.83914184570312,373.83914184570312,284.54415893554688,0,156.40200805664062,8.2638368606567383,801,701.18511962890625,28
56.878143310546875,307.42684936523438,307.42684936523438,331.1031494140625,2.362147331237793,156.96034240722656,9.7354011535644531,801,716.870849609375,28
58.846881866455078,350.41928100585938,350.41928100585938,298.7802734375,0,155.74838256835938,5.4385051727294922,801,713.27520751953125,28
62.644546508789062,432.48028564453125,432.48028564453125,234.36856079101562,0,169.55709838867188,11.703720092773438,801,676.22100830078125,28
60.547393798828125,387.53778076171875,387.53778076171875,271.66384887695312,0,158.48654174804688,5.5088095664978027,801,700.5418701171875,28
60.820602416992188,392.80972290039062,392.80972290039062,264.88589477539062,0,162.29499816894531,10.162971496582031,801,693.360107421875,28
64.671836853027344,479.3621826171875,479.3621826171875,214.02334594726562,2.180809497833252,170.68161010742188,13.839822769165039,801,644.1561279296875,28
51.158657073974609,199.08050537109375,199.08050537109375,357.28347778320312,14.445385932922363,139.35635375976562,7.1121673583984375,801,807.05120849609375,28
60.530975341796875,386.35723876953125,386.35723876953125,267.69775390625,0,153.75605773925781,5.830113410949707,801,710.8128662109375,28
54.611373901367188,258.7532958984375,258.7532958984375,355.6771240234375,0.055144596844911575,148.83784484863281,8.0573844909667969,801,752.5440673828125,28
63.6934814453125,455.83160400390625,455.83160400390625,221.4388427734375,0,174.13983154296875,14.404678344726562,801,658.433349609375,28
66.489700317382812,521.68341064453125,521.68341064453125,193.9168701171875,0,172.53579711914062,13.304523468017578,801,622.1234130859375,28
57.800384521484375,327.21658325195312,327.21658325195312,310.1690673828125,0,162.6756591796875,11.698472023010254,801,712.04449462890625,28
59.047176361083984,354.72711181640625,354.72711181640625,293.61080932617188,1.48689866065979,158.72019958496094,8.11138916015625,801,707.04022216796875,28
66.221961975097656,514.0718994140625,514.0718994140625,186.96884155273438,0,180.5286865234375,15.463590621948242,801,627.15350341796875,28
65.582290649414062,499.88021850585938,499.88021850585938,195.48074340820312,0.45995104312896729,168.13784790039062,10.721076965332031,801.53131103515625,648.47802734375,28
54.005649566650391,246.04411315917969,246.04411315917969,350.17031860351562,0,156.35859680175781,16.488960266113281,801,755.29156494140625,28
61.271675109863281,403.01181030273438,403.01181030273438,254.35183715820312,0,155.1702880859375,7.4495735168457031,801,704.36895751953125,28
61.96966552734375,417.79736328125,417.79736328125,243.89031982421875,0,161.43362426757812,9.3505144119262695,801,691.66522216796875,28
54.989669799804688,265.5294189453125,265.5294189453125,356.72940063476562,0,159.76583862304688,13.77187442779541,801,728.62982177734375,28
53.134048461914062,228.89923095703125,228.89923095703125,357.46224975585938,1.9565585851669312,160.22946166992188,17.502359390258789,805.09234619140625,753.67950439453125,28
56.016948699951172,288.36199951171875,288.36199951171875,346.07669067382812,0,147.30293273925781,6.5279006958007812,801,736.202392578125,28
57.913795471191406,329.2496337890625,329.2496337890625,321.64047241210938,0,153.71928405761719,6.2646255493164062,801,713.43145751953125,28
56.32061767578125,294.74832153320312,294.74832153320312,331.80282592773438,0,153.77896118164062,9.5336198806762695,801,734.56243896484375,28
59.912368774414062,372.57305908203125,372.57305908203125,292.36810302734375,0,151.88473510742188,5.6325197219848633,801,701.90106201171875,28
51.171733856201172,199.58428955078125,199.58428955078125,359.39999389648438,5.6462459564208984,139.70896911621094,7.3990411758422852,808.12408447265625,805.642822265625,28
62.235969543457031,424.070068359375,424.070068359375,253.95590209960938,0,163.77165222167969,11.135740280151367,801,671.02490234375,28
64.02740478515625,463.5328369140625,463.5328369140625,204.78269958496094,0,180.29364013671875,17.128122329711914,801,658.48486328125,28
61.786300659179688,413.92730712890625,413.92730712890625,255.14614868164062,0,161.51107788085938,6.685004711151123,801,687.0968017578125,28
52.00408935546875,212.79586791992188,212.79586791992188,353.31137084960938,8.1299552917480469,148.95710754394531,13.186264038085938,807.3525390625,781.43121337890625,28
55.885261535644531,285.66094970703125,285.66094970703125,336.05963134765625,0,151.02146911621094,8.2891130447387695,801,743.46868896484375,28
51.452705383300781,203.0106201171875,203.0106201171875,359.39999389648438,13.857915878295898,142.10743713378906,10.334178924560547,801.5040283203125,794.50372314453125,28
58.217605590820312,336.56973266601562,336.56973266601562,303.85589599609375,0,160.14445495605469,8.8009443283081055,801,714.439208984375,28
58.8189697265625,350.07122802734375,350.07122802734375,305.42205810546875,0,163.55038452148438,13.379097938537598,801,691.1885986328125,28
57.282489776611328,315.37667846679688,315.37667846679688,323.232421875,0,156.14982604980469,8.8009443283081055,801,720.81005859375,28
59.628509521484375,366.46279907226562,366.46279907226562,285.16705322265625,0,156.14982604980469,8.8009443283081055,801,707.62481689453125,28
50.30682373046875,189.23568725585938,189.23568725585938,359.29443359375,0,132.4649658203125,3.540457010269165,809.105224609375,831.8179931640625,28
50.501655578613281,191.15325927734375,191.15325927734375,359.39999389648438,19.322025299072266,133.80728149414062,6.3409366607666016,804.6966552734375,810.3997802734375,28
50.819076538085938,195.28179931640625,195.28179931640625,359.39999389648438,7.9168248176574707,136.69723510742188,2.006356954574585,803.8453369140625,819.53228759765625,28
57.383525848388672,318.46124267578125,318.46124267578125,329.88812255859375,0,142.12379455566406,0,801,733.5574951171875,28
58.930938720703125,351.40185546875,351.40185546875,297.06317138671875,0,150.56507873535156,3.6305537223815918,801,721.80328369140625,28
60.079944610595703,376.85763549804688,376.85763549804688,285.49728393554688,0,148.273193359375,1.4756532907485962,801,711.92596435546875,28
54.318294525146484,250.43992614746094,250.43992614746094,356.52044677734375,0,175.30795288085938,28.1240234375,801.23748779296875,713.12237548828125,28
55.157646179199219,269.46258544921875,269.46258544921875,333.39666748046875,0,174.70303344726562,22.844953536987305,801,723.53619384765625,28
52.614887237548828,220.89259338378906,220.89259338378906,356.24951171875,8.9209957122802734,154.62480163574219,18.864002227783203,801.91217041015625,763.5782470703125,28
55.887527465820312,286.111572265625,286.111572265625,344.21124267578125,0,162.04801940917969,13.898952484130859,801,717.26422119140625,28
54.273712158203125,250.26112365722656,250.26112365722656,355.75186157226562,0,168.466064453125,19.3172607421875,801,729.857666015625,28
63.176799774169922,444.69598388671875,444.69598388671875,236.39251708984375,0,162.63031005859375,8.6153478622436523,801,671.54302978515625,28
56.097633361816406,290.82803344726562,290.82803344726562,335.8328857421875,0.46897855401039124,169.55426025390625,20.168170928955078,801.828369140625,706.48663330078125,28
52.444862365722656,217.69720458984375,217.69720458984375,356.70574951171875,0,148.10279846191406,14.046316146850586,801,787.9259033203125,28
63.625640869140625,455.23291015625,455.23291015625,211.73390197753906,0,167.0771484375,11.881921768188477,801,677.8328857421875,28
59.129409790039062,356.12429809570312,356.12429809570312,307.33615112304688,0,150.10285949707031,5.0410318374633789,801.19622802734375,705.195068359375,28
61.208602905273438,401.08419799804688,401.08419799804688,276.48138427734375,0,149.87654113769531,2.7040011882781982,801,694.2279052734375,28
61.626686096191406,410.95095825195312,410.95095825195312,262.9959716796875,0,158.7337646484375,4.525423526763916,801,687.04522705078125,28
66.479026794433594,520.040771484375,520.040771484375,166.1881103515625,0,174.44285583496094,14.63934326171875,801,648.66131591796875,28
66.439865112304688,518.54876708984375,518.54876708984375,158.100830078125,0,185.84614562988281,21.653604507446289,801,639.901611328125,28
66.639739990234375,523.47662353515625,523.47662353515625,172.11198425292969,0,178.57347106933594,14.63934326171875,801,635.0946044921875,28
65.489311218261719,497.39984130859375,497.39984130859375,164.88310241699219,0,189.19102478027344,22.663537979125977,801,649.621337890625,28
66.39556884765625,517.7197265625,517.7197265625,164.8155517578125,0,185.00041198730469,19.965543746948242,801.13104248046875,635.9693603515625,28
64.58807373046875,475.82296752929688,475.82296752929688,196.59295654296875,0,182.66485595703125,19.965543746948242,801,649.31231689453125,28
53.854118347167969,242.125732421875,242.125732421875,350.1134033203125,6.2605552673339844,168.69097900390625,23.126544952392578,801,733.92669677734375,28
57.605476379394531,323.7266845703125,323.7266845703125,300.21063232421875,0.09096643328666687,165.34263610839844,18.162654876708984,801,716.6085205078125,28
54.869144439697266,264.7689208984375,264.7689208984375,358.57196044921875,0,147.80805969238281,4.5193376541137695,801,748.06591796875,28
50.105232238769531,186.88917541503906,186.88917541503906,359.39999389648438,22.66728401184082,130.82241821289062,4.014531135559082,809.689208984375,811.4317626953125,28
63.917476654052734,461.86260986328125,461.86260986328125,222.90411376953125,0.076825134456157684,178.51397705078125,17.229976654052734,801,643.55560302734375,28
54.826507568359375,263.009033203125,263.009033203125,352.1512451171875,1.4520068168640137,158.65859985351562,11.826492309570312,801,737.2349853515625,28
54.136177062988281,248.77774047851562,248.77774047851562,355.7667236328125,0,158.34620666503906,11.826492309570312,801,748.9794921875,28
54.009086608886719,246.44070434570312,246.44070434570312,347.65264892578125,0,156.39530944824219,14.481141090393066,801,758.9498291015625,28
53.819301605224609,241.85870361328125,241.85870361328125,357.45382690429688,0,169.30108642578125,19.576526641845703,804.68841552734375,732.533935546875,28
62.553165435791016,431.5693359375,431.5693359375,248.08419799804688,0,165.31880187988281,8.0436172485351562,801,670.8839111328125,28
61.833568572998047,415.84326171875,415.84326171875,258.07778930664062,0,151.27314758300781,5.1524887084960938,801,693.51336669921875,28
60.104957580566406,377.81588745117188,377.81588745117188,278.5850830078125,0,148.5130615234375,3.2848975658416748,801,715.6455078125,28
56.413917541503906,297.41876220703125,297.41876220703125,335.22210693359375,0,155.35298156738281,8.9541072845458984,801,726.63409423828125,28
59.812980651855469,370.88714599609375,370.88714599609375,274.07745361328125,0,155.05624389648438,7.4405384063720703,801,716.9061279296875,28
63.818283081054688,459.15875244140625,459.15875244140625,226.22964477539062,1.9054021835327148,165.38204956054688,9.8779535293579102,801,661.93798828125,28
63.536991119384766,452.89492797851562,452.89492797851562,214.04550170898438,0,170.04646301269531,12.840682983398438,801,673.9097900390625,28
61.496963500976562,407.4984130859375,407.4984130859375,259.95669555664062,0,159.10308837890625,8.3785982131958008,801,688.86334228515625,28
60.842201232910156,392.83184814453125,392.83184814453125,270.44692993164062,0,154.48881530761719,6.7909069061279297,801.019775390625,699.84906005859375,28
59.542007446289062,365.98602294921875,365.98602294921875,269.97747802734375,0,167.00917053222656,11.771435737609863,801,708.9022216796875,28
58.204757690429688,335.99530029296875,335.99530029296875,304.17547607421875,0,153.68351745605469,6.0908002853393555,801,724.03326416015625,28
55.078178405761719,267.19436645507812,267.19436645507812,344.3447265625,0,170.84921264648438,20.990653991699219,801,720.93902587890625,28
63.188625335693359,445.8126220703125,445.8126220703125,198.61030578613281,0,185.97187805175781,21.739303588867188,801,671.96734619140625,28
60.30670166015625,381.013671875,381.013671875,276.72128295898438,0,154.81257629394531,6.5427818298339844,801,705.2802734375,28
49.384727478027344,177.87162780761719,177.87162780761719,356.0670166015625,43.882221221923828,124.51013946533203,0,801,821.58599853515625,28
55.585792541503906,278.7232666015625,278.7232666015625,330.07431030273438,0.25677299499511719,178.54025268554688,24.785341262817383,801.31610107421875,711.70098876953125,28
54.401630401611328,254.365478515625,254.365478515625,356.39370727539062,0,178.05581665039062,22.7806396484375,801,712.27362060546875,28
67.083786010742188,533.95330810546875,533.95330810546875,163.71714782714844,0.39661991596221924,172.32438659667969,12.691022872924805,801,641.341064453125,28
57.067634582519531,311.23394775390625,311.23394775390625,308.975830078125,0,170.52410888671875,20.741825103759766,801,712.84478759765625,28
54.21185302734375,249.11012268066406,249.11012268066406,350.49234008789062,2.2734301090240479,174.37709045410156,22.537822723388672,801,725.43133544921875,28
55.546131134033203,277.93502807617188,277.93502807617188,341.88082885742188,0,173.09623718261719,20.741825103759766,801,710.74676513671875,28
53.340526580810547,232.55564880371094,232.55564880371094,348.6431884765625,0,162.78895568847656,22.290304183959961,802.639404296875,756.37176513671875,28
64.665443420410156,478.98809814453125,478.98809814453125,205.58036804199219,2.4290592670440674,163.33560180664062,8.3414011001586914,801,665.73297119140625,28
61.905525207519531,417.01058959960938,417.01058959960938,241.6826171875,0,159.56358337402344,8.149998664855957,801,697.55859375,28
57.506263732910156,321.77096557617188,321.77096557617188,318.228759765625,0,163.82781982421875,10.506357192993164,801,709.7489013671875,28
66.704269409179688,525.86895751953125,525.86895751953125,184.60623168945312,0,174.85165405273438,14.808170318603516,801,623.6317138671875,28
63.794548034667969,458.20556640625,458.20556640625,201.62054443359375,0,183.40216064453125,21.171890258789062,801,659.9039306640625,28
65.294746398925781,493.02044677734375,493.02044677734375,167.82362365722656,0,194.39622497558594,26.53245735168457,801,641.99603271484375,28
63.967514038085938,462.28656005859375,462.28656005859375,204.20402526855469,0,180.61883544921875,19.239568710327148,801,657.52655029296875,28
65.404449462890625,494.96444702148438,494.96444702148438,181.17144775390625,0,173.71028137207031,15.209823608398438,801,659.24835205078125,28
62.675621032714844,433.52603149414062,433.52603149414062,229.46572875976562,0,166.04942321777344,13.509410858154297,801,681.88739013671875,28
59.192874908447266,357.45611572265625,357.45611572265625,286.3072509765625,0,156.72676086425781,10.65009593963623,801,713.1641845703125,28
60.562808990478516,387.9383544921875,387.9383544921875,251.96479797363281,0,161.961669921875,11.528203964233398,801,710.7921142578125,28
61.725196838378906,411.91485595703125,411.91485595703125,252.67391967773438,0,164.89877319335938,11.528203964233398,801,683.309814453125,28
65.416732788085938,495.65496826171875,495.65496826171875,182.15382385253906,0,173.31791687011719,15.790199279785156,801,657.067626953125,28
58.073783874511719,332.99282836914062,332.99282836914062,312.7777099609375,0,150.88188171386719,4.5301036834716797,801,722.84283447265625,28
59.460014343261719,363.912109375,363.912109375,309.37423706054688,0,147.94241333007812,1.3814036846160889,801,700.94671630859375,28
49.554069519042969,179.40908813476562,179.40908813476562,357.52804565429688,47.380092620849609,125.58635711669922,0.53790974617004395,801,813.7109375,28
67.223190307617188,537.19970703125,537.19970703125,162.08108520507812,1.9384187459945679,180.96136474609375,15.771095275878906,801,626.4451904296875,28
50.662040710449219,193.53416442871094,193.53416442871094,358.4600830078125,5.1254501342773438,135.47390747070312,7.7778720855712891,804.919677734375,819.8812255859375,28
60.504676818847656,386.10101318359375,386.10101318359375,266.08285522460938,0,170.79421997070312,13.403728485107422,801,687.60565185546875,28
50.365489959716797,189.98387145996094,189.98387145996094,357.24737548828125,48.068038940429688,132.98870849609375,2.7477998733520508,801,793.21124267578125,28
54.584487915039062,258.00100708007812,258.00100708007812,322.00576782226562,1.2910709381103516,180.6007080078125,29.268169403076172,801,732.61328125,28
65.063743591308594,488.36248779296875,488.36248779296875,184.79747009277344,3.0851316452026367,182.875244140625,17.353374481201172,801,647.60626220703125,28
64.366104125976562,471.1470947265625,471.1470947265625,190.33795166015625,0,180.20309448242188,19.382131576538086,801,663.29461669921875,28
65.074333190917969,488.62628173828125,488.62628173828125,190.59735107421875,0,171.41647338867188,16.15904426574707,801,656.94110107421875,28
65.77764892578125,504.07821655273438,504.07821655273438,189.20347595214844,0,171.41647338867188,14.975109100341797,801,644.34674072265625,28
56.967193603515625,310.15457153320312,310.15457153320312,333.39614868164062,0,153.08674621582031,11.162006378173828,801,716.16961669921875,28
57.157161712646484,313.04766845703125,313.04766845703125,325.17477416992188,0,150.43585205078125,4.8469972610473633,801,730.81915283203125,28
64.239509582519531,469.17730712890625,469.17730712890625,201.38517761230469,0,167.02821350097656,10.309703826904297,801,676.29083251953125,28
62.905052185058594,438.8231201171875,438.8231201171875,248.04423522949219,0,161.67158508300781,8.4999160766601562,801,667.0023193359375,28
60.131378173828125,378.18637084960938,378.18637084960938,279.25961303710938,0.32533684372901917,162.9281005859375,9.115473747253418,801.23760986328125,693.730712890625,28
59.369216918945312,361.84445190429688,361.84445190429688,289.82574462890625,0,150.53868103027344,6.6599822044372559,801,714.94549560546875,28
52.874732971191406,225.10256958007812,225.10256958007812,346.47848510742188,1.0810089111328125,157.57179260253906,18.716819763183594,801,775.44268798828125,28
64.331161499023438,471.13534545898438,471.13534545898438,224.06465148925781,0,161.3978271484375,9.4971237182617188,801,658.25738525390625,28
55.640335083007812,280.50082397460938,280.50082397460938,337.30123901367188,0,152.66159057617188,9.7781782150268555,801,744.1265869140625,28
57.362152099609375,318.30740356445312,318.30740356445312,299.87741088867188,0,162.53791809082031,12.496264457702637,801,730.90228271484375,28
55.257434844970703,272.33636474609375,272.33636474609375,351.80377197265625,0,162.0224609375,12.757378578186035,801,725.21588134765625,28
56.808403015136719,306.6170654296875,306.6170654296875,328.72918701171875,2.6691775321960449,166.56925964355469,16.68994140625,801,702.97772216796875,28
59.678581237792969,367.7974853515625,367.7974853515625,285.45068359375,0,158.07627868652344,9.7781782150268555,801,702.73895263671875,28
59.730361938476562,369.35305786132812,369.35305786132812,295.12112426757812,0,161.31318664550781,9.7781782150268555,801,688.27716064453125,28
63.397174835205078,449.70462036132812,449.70462036132812,216.35685729980469,0,171.57647705078125,13.740346908569336,801,672.2904052734375,28
53.974174499511719,245.99667358398438,245.99667358398438,358.6729736328125,0,155.97772216796875,11.871618270874023,803.34619140625,748.8341064453125,28
58.14227294921875,334.54440307617188,334.54440307617188,295.45840454101562,0,167.71463012695312,15.371377944946289,801,710.776611328125,28
62.975509643554688,440.17568969726562,440.17568969726562,244.72978210449219,0,162.52537536621094,9.8678312301635742,801,667.01568603515625,28
65.454750061035156,496.11224365234375,496.11224365234375,194.85281372070312,0,177.11029052734375,13.421119689941406,801,642.95758056640625,28
66.982200622558594,532.6358642578125,532.6358642578125,167.36502075195312,2.2924187183380127,172.65689086914062,13.592785835266113,801,635.2296142578125,28
63.413898468017578,450.7459716796875,450.7459716796875,239.42294311523438,0,165.04367065429688,9.9494590759277344,801.8668212890625,658.04901123046875,28
58.801616668701172,349.455078125,349.455078125,301.326904296875,1.528653621673584,158.45803833007812,11.088473320007324,801,702.09222412109375,28
58.333992004394531,338.95999145507812,338.95999145507812,299.59783935546875,0,171.58586120605469,18.012096405029297,801,695.7532958984375,28
55.961513519287109,287.75662231445312,287.75662231445312,342.5426025390625,1.1760424375534058,162.02827453613281,11.951175689697266,801,719.0535888671875,28
53.4725341796875,234.04364013671875,234.04364013671875,358.8917236328125,0,159.68284606933594,19.808170318603516,801,751.21734619140625,28
54.125724792480469,248.17312622070312,248.17312622070312,334.20138549804688,3.1268937587738037,173.72117614746094,25.455141067504883,801.7711181640625,739.0013427734375,28
59.206249237060547,358.36611938476562,358.36611938476562,279.98760986328125,0,167.41845703125,14.320986747741699,802.986083984375,702.02685546875,28
