total_cost,total_emission,P_0,P_1,P_2,P_3,P_4,P_5,P_6,P_7,P_8,P_9,P_10,P_11,P_12
19457.525390625,3911.8828125,129.49188232421875,87.4305419921875,85.661369323730469,179.99937438964844,179.99964904785156,176.382568359375,179.99778747558594,157.10227966308594,179.99958801269531,119.99922180175781,119.99951171875,86.403091430664062,117.03571319580078
19499.478515625,3899.6767578125,101.15537261962891,80.234573364257812,84.472076416015625,158.76506042480469,179.99964904785156,179.99957275390625,179.99778747558594,179.998779296875,179.99958801269531,119.99922180175781,119.99951171875,119.4871826171875,115.45680999755859
19371.7890625,3944.2392578125,164.48013305664062,105.79129791259766,101.23524475097656,179.99937438964844,179.99964904785156,179.99957275390625,172.06065368652344,173.58805847167969,164.75144958496094,119.99922180175781,119.99951171875,80.635261535644531,57.034210205078125
19439.6875,3919.28125,128.56710815429688,75.187019348144531,98.640899658203125,179.99937438964844,179.99964904785156,179.99957275390625,176.94430541992188,179.998779296875,179.99958801269531,119.99922180175781,119.99951171875,83.620010375976562,97.157569885253906
19452.646484375,3914.51025390625,141.62322998046875,79.026809692382812,70.767265319824219,179.99937438964844,179.99964904785156,179.26203918457031,179.99778747558594,179.998779296875,179.99958801269531,119.99922180175781,119.99951171875,97.990921020507812,91.322532653808594
19214.716796875,4414.578125,429.8218994140625,247.5523681640625,203.99858093261719,119.37551879882812,82.572189331054688,164.37281799316406,158.13340759277344,78.741119384765625,123.37974548339844,40.000232696533203,40.000244140625,55.000698089599609,56.628974914550781
19228.533203125,4206.61279296875,333.2677001953125,190.95915222167969,188.19354248046875,147.49197387695312,166.75242614746094,100.89543914794922,133.82058715820312,166.83706665039062,175.1412353515625,45.980159759521484,40.25006103515625,55.000698089599609,55.000190734863281
19373.84765625,3939.516845703125,150.45365905761719,97.477035522460938,100.97572326660156,178.30917358398438,179.99964904785156,179.99957275390625,179.99778747558594,179.998779296875,179.99958801269531,119.99922180175781,117.84236145019531,67.257781982421875,67.25750732421875
19211.41015625,4461.064453125,448.07891845703125,239.75131225585938,226.46371459960938,121.65847015380859,153.6937255859375,60.000911712646484,125.16339111328125,82.464637756347656,150.98899841308594,40.000232696533203,40.000244140625,56.305126190185547,55.000190734863281
19411.1328125,3928.536865234375,108.51148986816406,106.39961242675781,104.29030609130859,179.99937438964844,179.99964904785156,176.8792724609375,179.99778747558594,179.998779296875,179.99958801269531,119.99922180175781,116.06780242919922,96.152359008789062,71.206565856933594
19440.486328125,3918.798583984375,138.66140747070312,74.459609985351562,92.923225402832031,179.99937438964844,177.20378112792969,174.64328002929688,179.91021728515625,179.998779296875,179.99958801269531,119.99922180175781,116.5938720703125,81.137557983398438,104.25599670410156
19209.265625,4531.76171875,489.89166259765625,221.06562805175781,235.34295654296875,103.87467193603516,129.44654846191406,60.000911712646484,108.69828033447266,139.26472473144531,121.9266357421875,40.000232696533203,40.000244140625,55.000698089599609,55.000190734863281
19454.03515625,3914.052978515625,127.88805389404297,83.98370361328125,92.717575073242188,173.94276428222656,179.99964904785156,173.28739929199219,179.99778747558594,179.998779296875,167.98306274414062,119.99922180175781,118.82772827148438,119.99923706054688,81.0386962890625
19482.53125,3906.255615234375,124.23645782470703,69.0594482421875,91.000701904296875,163.11262512207031,179.99964904785156,176.35133361816406,175.87533569335938,179.998779296875,179.99958801269531,119.99922180175781,119.99951171875,119.99923706054688,100.16716003417969
19411.59375,3927.536865234375,143.09738159179688,87.921653747558594,97.241905212402344,179.99937438964844,179.99964904785156,172.46209716796875,179.99778747558594,179.99043273925781,176.82061767578125,115.72965240478516,119.99951171875,67.464302062988281,98.857864379882812
19359.419921875,3950.79296875,143.70330810546875,111.04573822021484,120.01094818115234,179.99937438964844,179.99964904785156,177.20838928222656,179.99778747558594,162.51541137695312,179.99958801269531,115.41150665283203,119.99951171875,61.219749450683594,68.428024291992188
19228.572265625,4206.35302734375,345.7823486328125,176.20645141601562,184.70869445800781,137.89306640625,137.91328430175781,148.05215454101562,167.69731140136719,142.6038818359375,165.56283569335938,40.000232696533203,43.182689666748047,55.000698089599609,55.000190734863281
19209.849609375,4495.2666015625,439.23196411132812,269.2783203125,237.546630859375,111.69013214111328,135.72171020507812,60.000911712646484,138.12655639648438,67.12371826171875,150.828125,40.000232696533203,40.000244140625,55.000698089599609,55.000190734863281
19318.421875,3988.531494140625,160.1029052734375,135.86367797851562,142.376708984375,166.42172241210938,163.6031494140625,170.42381286621094,177.58218383789062,179.998779296875,179.99958801269531,99.442611694335938,110.56266021728516,57.936973571777344,55.239269256591797
19302.23046875,4011.380859375,224.31448364257812,136.19544982910156,132.923828125,162.00888061523438,156.96366882324219,151.451171875,175.70335388183594,175.96624755859375,173.33720397949219,80.691490173339844,119.87530517578125,55.000698089599609,55.239414215087891
19345.71875,3955.8935546875,136.83387756347656,139.37344360351562,92.204689025878906,179.99937438964844,179.99964904785156,179.99957275390625,179.99778747558594,179.71833801269531,179.99958801269531,119.99922180175781,119.99951171875,55.320793151855469,56.155162811279297
19321.814453125,3981.626220703125,192.90242004394531,124.9097900390625,124.48912811279297,165.60629272460938,179.99964904785156,161.70724487304688,179.99778747558594,175.30032348632812,162.36009216308594,115.15328979492188,105.05179595947266,56.481773376464844,55.653804779052734
19493.744140625,3902.302490234375,108.47897338867188,79.526298522949219,89.843650817871094,166.2015380859375,179.99964904785156,179.99957275390625,179.99778747558594,179.998779296875,163.099853515625,119.99922180175781,119.99736785888672,119.99923706054688,112.46377563476562
19507.64453125,3898.189208984375,99.635185241699219,88.22100830078125,71.486724853515625,173.07464599609375,179.99964904785156,179.99957275390625,179.99778747558594,168.05810546875,179.99958801269531,119.99922180175781,119.16799163818359,119.99923706054688,119.99996185302734
19215.171875,4362.3671875,402.51083374023438,243.56239318847656,199.84722900390625,138.60955810546875,91.705787658691406,127.79094696044922,159.51614379882812,127.56980895996094,117.73570251464844,40.000232696533203,40.000244140625,55.651443481445312,55.000190734863281
19243.28125,4128.28515625,277.9017333984375,181.8779296875,157.80606079101562,159.87030029296875,178.69052124023438,162.57856750488281,170.94401550292969,138.0819091796875,177.73414611816406,42.605388641357422,40.000244140625,55.598648071289062,56.034358978271484
19230.806640625,4190.74853515625,323.647216796875,186.50967407226562,182.21926879882812,151.73150634765625,159.3768310546875,149.13336181640625,171.60458374023438,125.99890899658203,159.609619140625,40.000232696533203,40.000244140625,55.000698089599609,55.000190734863281
19217.341796875,4315.1142578125,382.26904296875,224.89726257324219,204.91825866699219,128.25747680664062,147.51852416992188,81.661026000976562,132.34133911132812,147.60263061523438,156.18345642089844,43.863368988037109,40.000244140625,55.000698089599609,55.000190734863281
19223.59375,4250.6015625,361.1719970703125,186.55032348632812,203.05422973632812,128.25747680664062,164.38909912109375,81.661026000976562,150.90318298339844,177.29104614257812,155.90711975097656,40.56585693359375,40.000244140625,55.000698089599609,55.000190734863281
19372.681640625,3943.763671875,144.52890014648438,118.02776336669922,96.291435241699219,172.95826721191406,176.65684509277344,178.29286193847656,179.99778747558594,179.998779296875,179.99958801269531,116.07387542724609,118.09907531738281,70.069656372070312,68.536788940429688
19483.994140625,3905.562255859375,129.00518798828125,78.3843994140625,79.179985046386719,169.90623474121094,165.51548767089844,178.46664428710938,179.99778747558594,179.998779296875,177.59234619140625,117.26591491699219,119.99951171875,111.59759521484375,112.69579315185547
19508.83984375,3896.40234375,95.949127197265625,73.114166259765625,79.675064086914062,175.1143798828125,179.99964904785156,179.059326171875,178.74642944335938,179.998779296875,179.99958801269531,119.99922180175781,119.05946350097656,118.82795715332031,119.99996185302734
19208.701171875,4595.88525390625,513.272216796875,235.16494750976562,233.82872009277344,129.78396606445312,119.75407409667969,71.277999877929688,161.349609375,71.747283935546875,73.421188354492188,40.000232696533203,40.000244140625,55.000698089599609,55.000190734863281
19456.166015625,3913.587646484375,104.53839111328125,85.338546752929688,104.73809814453125,179.99937438964844,179.99964904785156,163.6527099609375,179.07621765136719,179.998779296875,179.99958801269531,119.99922180175781,119.99951171875,109.16674041748047,93.025436401367188
19438.86328125,3920.71484375,106.60308837890625,103.72491455078125,99.139450073242188,179.99937438964844,179.99964904785156,179.99957275390625,176.29803466796875,166.20491027832031,179.99958801269531,119.99922180175781,119.99951171875,116.58644104003906,71.26611328125
19214.166015625,4415.4072265625,405.58566284179688,260.28927612304688,227.02871704101562,127.05910491943359,172.1561279296875,138.54388427734375,96.913528442382812,84.810707092285156,97.252822875976562,40.000232696533203,40.000244140625,55.000698089599609,55.000190734863281
19339.458984375,3957.16796875,168.88726806640625,109.08568572998047,114.38465881347656,179.99937438964844,178.59129333496094,179.99957275390625,178.20938110351562,178.98686218261719,159.56239318847656,119.99922180175781,119.99951171875,56.606803894042969,55.190414428710938
19306.986328125,4002.5224609375,216.15028381347656,132.14024353027344,129.88862609863281,176.2412109375,157.0491943359375,163.65032958984375,170.80284118652344,178.21650695800781,160.50550842285156,98.349151611328125,105.40897369384766,56.128025054931641,55.000190734863281
19480.015625,3907.029052734375,128.97377014160156,84.130691528320312,73.983375549316406,164.7705078125,179.99964904785156,179.99957275390625,179.99778747558594,176.77371215820312,175.05795288085938,119.99922180175781,115.0433349609375,100.89066314697266,119.99996185302734
19297.283203125,4015.734375,190.2698974609375,152.70761108398438,135.1734619140625,175.42131042480469,161.867431640625,179.99957275390625,170.1712646484375,168.93856811523438,179.99958801269531,106.81563568115234,66.565322875976562,56.583301544189453,55.019145965576172
19353.734375,3950.855712890625,150.42498779296875,99.955718994140625,120.56961822509766,179.99937438964844,174.69400024414062,177.28884887695312,179.99778747558594,179.998779296875,178.765869140625,115.89820861816406,119.99951171875,58.008457183837891,63.937889099121094
19397.16015625,3933.647216796875,137.65234375,119.48303985595703,76.722068786621094,177.32243347167969,179.99964904785156,179.99957275390625,179.99778747558594,176.1812744140625,179.99958801269531,119.99922180175781,119.99951171875,76.113525390625,76.113418579101562
19457.470703125,3912.32958984375,117.25534057617188,82.431076049804688,88.445457458496094,179.99937438964844,179.99964904785156,179.99957275390625,179.99778747558594,179.998779296875,175.72770690917969,119.99922180175781,119.99951171875,86.856559753417969,109.26895904541016
19465.734375,3907.800048828125,119.38397979736328,86.424644470214844,70.986106872558594,179.99937438964844,179.99964904785156,179.99957275390625,179.99778747558594,179.998779296875,179.99958801269531,119.99922180175781,119.99951171875,82.796340942382812,119.99996185302734
19211.287109375,4486.9736328125,462.9383544921875,228.86000061035156,236.95948791503906,111.28028869628906,115.08187866210938,62.320220947265625,102.31561279296875,152.86268615722656,132.09510803222656,44.803836822509766,40.000244140625,55.000698089599609,55.000190734863281
19493.572265625,3903.0859375,115.75433349609375,88.17498779296875,64.939704895019531,179.46194458007812,179.99964904785156,166.50880432128906,179.99778747558594,179.998779296875,179.99958801269531,119.99922180175781,119.99951171875,119.99923706054688,105.11812591552734
19361.271484375,3950.52587890625,166.20437622070312,124.56111907958984,77.644538879394531,179.99937438964844,179.99964904785156,173.85498046875,178.55209350585938,177.07801818847656,179.99958801269531,119.99922180175781,115.53226470947266,65.25726318359375,60.845848083496094
19420.68359375,3922.982177734375,121.06293487548828,98.019371032714844,97.749282836914062,179.99937438964844,179.99964904785156,179.99957275390625,179.99778747558594,169.00851440429688,179.99958801269531,119.99922180175781,119.99951171875,99.909530639648438,73.759529113769531
19224.283203125,4238.7578125,344.54006958007812,182.55447387695312,214.47235107421875,148.60345458984375,121.56446075439453,131.70291137695312,151.3482666015625,138.16912841796875,176.63528442382812,40.000232696533203,40.000244140625,55.000698089599609,55.000190734863281
19287.5625,4033.251708984375,215.97203063964844,161.84732055664062,118.02375793457031,179.99937438964844,178.94888305664062,164.59999084472656,179.99778747558594,173.18411254882812,166.88925170898438,96.9635009765625,52.228939056396484,55.987888336181641,55.025676727294922
19273.490234375,4054.708984375,241.40238952636719,138.09603881835938,149.8719482421875,176.75262451171875,165.27935791015625,174.1629638671875,172.3533935546875,178.37493896484375,163.65058898925781,80.509307861328125,46.538055419921875,57.553730010986328,55.000190734863281
19208.330078125,4666.2294921875,536.64508056640625,244.33709716796875,239.87370300292969,130.26846313476562,69.751800537109375,94.069732666015625,168.06634521484375,66.546348571777344,60.002796173095703,40.000232696533203,40.000244140625,55.000698089599609,55.000190734863281
19213.556640625,4419.34814453125,431.26058959960938,220.23019409179688,235.26687622070312,122.71190643310547,150.06356811523438,75.258003234863281,149.34480285644531,60.000003814697266,164.61654663085938,40.000232696533203,40.012405395507812,55.972644805908203,55.000190734863281
19270.73828125,4057.79833984375,221.29159545898438,143.55357360839844,162.72079467773438,170.51300048828125,177.70362854003906,166.36747741699219,164.23208618164062,179.998779296875,179.79498291015625,49.386608123779297,70.930458068847656,56.548385620117188,56.499774932861328
19330.90625,3970.75341796875,165.14242553710938,122.18226623535156,128.26821899414062,168.30357360839844,178.93905639648438,166.74626159667969,178.75535583496094,173.29350280761719,177.47633361816406,112.21523284912109,113.94807434082031,58.054435729980469,56.24200439453125
19431.8671875,3920.9375,144.60563659667969,96.222663879394531,78.298385620117188,179.99937438964844,179.99964904785156,179.99957275390625,159.23994445800781,179.998779296875,179.99958801269531,119.99922180175781,119.99951171875,84.488014221191406,96.724166870117188
19428.779296875,3921.73193359375,121.0946044921875,91.759696960449219,93.876670837402344,179.99937438964844,179.99964904785156,179.99957275390625,179.99778747558594,179.998779296875,179.99958801269531,119.99922180175781,119.99951171875,91.250991821289062,82.113502502441406
19326.21484375,3976.9931640625,172.8271484375,117.93468475341797,133.96659851074219,168.85202026367188,172.10401916503906,175.75839233398438,171.82008361816406,176.35929870605469,177.99966430664062,103.50859069824219,116.54283142089844,56.61474609375,55.434158325195312
19515.33984375,3895.528076171875,116.30379486083984,53.780380249023438,74.715141296386719,179.99937438964844,179.99964904785156,179.99957275390625,179.99778747558594,174.781982421875,179.99958801269531,119.99922180175781,119.99951171875,119.99923706054688,119.99996185302734
19307.662109375,3998.01611328125,161.72068786621094,142.6038818359375,138.47706604003906,177.11419677734375,179.39695739746094,179.99957275390625,171.83676147460938,179.998779296875,168.33680725097656,80.948051452636719,108.79286193847656,55.134113311767578,55.222038269042969
19262.67578125,4078.11962890625,227.19784545898438,158.54135131835938,165.42535400390625,170.28311157226562,158.09907531738281,178.29669189453125,176.14527893066406,176.42988586425781,173.83901977539062,54.350112915039062,46.923492431640625,55.307159423828125,58.878040313720703
19231.619140625,4180.79638671875,323.36065673828125,188.84658813476562,167.4713134765625,144.0733642578125,165.50466918945312,167.75003051757812,146.10224914550781,139.64286804199219,166.87850952148438,40.000232696533203,40.000244140625,55.000698089599609,55.000190734863281
19245.583984375,4120.6181640625,254.78431701660156,196.03872680664062,156.39501953125,165.69496154785156,159.81317138671875,179.37007141113281,174.46653747558594,151.12763977050781,160.01325988769531,46.046562194824219,45.814807891845703,55.000698089599609,55.000190734863281
19243.25,4136.37255859375,303.966796875,157.07200622558594,169.98724365234375,162.46034240722656,147.84103393554688,179.37522888183594,161.41841125488281,163.64950561523438,150.76657104492188,50.211849212646484,42.884346008300781,55.000698089599609,55.000190734863281
19302.998046875,4009.66455078125,210.87629699707031,140.79133605957031,139.04586791992188,160.06791687011719,167.75593566894531,164.3001708984375,176.7642822265625,159.20716857910156,168.06520080566406,88.254959106445312,113.27223205566406,56.196846008300781,55.000190734863281
19303.78515625,4007.43896484375,208.65347290039062,137.87712097167969,132.057373046875,170.26483154296875,169.06356811523438,164.16926574707031,163.34761047363281,179.29457092285156,172.06889343261719,98.827392578125,94.119873046875,55.000698089599609,55.000190734863281
19260.341796875,4085.7353515625,269.74298095703125,157.41632080078125,142.7193603515625,158.61239624023438,177.74029541015625,163.46003723144531,174.51045227050781,156.61088562011719,176.99803161621094,65.880058288574219,44.174991607666016,55.000698089599609,56.767421722412109
19371.244140625,3945.062255859375,129.88861083984375,110.48188781738281,114.18359375,179.454833984375,179.99964904785156,179.99957275390625,179.99778747558594,177.41288757324219,178.64810180664062,119.99922180175781,112.51750183105469,77.2701416015625,59.763442993164062
19353.28515625,3951.142822265625,165.81072998046875,114.96822357177734,98.69720458984375,179.99937438964844,179.99964904785156,179.99957275390625,171.26081848144531,171.56278991699219,176.36485290527344,119.99922180175781,119.99951171875,63.702934265136719,57.231712341308594
19324.576171875,3978.337158203125,177.94236755371094,120.11156463623047,135.37254333496094,159.03437805175781,179.99964904785156,179.83702087402344,167.75656127929688,164.02487182617188,179.6727294921875,102.16261291503906,119.99951171875,57.708747863769531,55.880153656005859
19484.97265625,3905.536865234375,107.06311798095703,76.21124267578125,90.731590270996094,178.767578125,179.99964904785156,179.99957275390625,179.99778747558594,175.32803344726562,174.01301574707031,119.99922180175781,113.44375610351562,109.02510070800781,115.06289672851562
19219.380859375,4300.57666015625,392.85260009765625,187.77912902832031,210.02041625976562,133.59504699707031,158.24655151367188,86.998573303222656,119.92390441894531,156.67239379882812,163.53945922851562,40.000232696533203,40.000244140625,55.000698089599609,55.000190734863281
19218.42578125,4307.9052734375,385.30197143554688,198.75469970703125,218.0430908203125,133.59504699707031,152.85592651367188,86.998573303222656,119.92390441894531,152.940185546875,161.24458312988281,40.000232696533203,40.000244140625,55.000698089599609,55.000190734863281
19360.294921875,3950.75048828125,150.25845336914062,117.19465637207031,98.580307006835938,179.99937438964844,179.99964904785156,179.509765625,179.99778747558594,178.04669189453125,179.99958801269531,114.26329040527344,118.02104949951172,62.054111480712891,62.137626647949219
19320.5625,3985.22607421875,196.55172729492188,132.29476928710938,122.14646911621094,176.85549926757812,178.47322082519531,172.13525390625,166.62188720703125,152.95205688476562,168.70057678222656,100.48099517822266,119.82688140869141,56.347709655761719,56.261970520019531
19407.333984375,3930.96435546875,149.448974609375,95.033622741699219,99.149490356445312,170.43081665039062,167.9962158203125,179.99101257324219,179.99778747558594,173.7972412109375,179.99958801269531,119.99922180175781,119.99951171875,95.478874206542969,68.464019775390625
19455.84765625,3913.6328125,136.80523681640625,95.683525085449219,70.914070129394531,168.98490905761719,179.99964904785156,179.99957275390625,175.01138305664062,179.998779296875,171.72097778320312,119.99922180175781,119.99951171875,88.664939880371094,111.78352355957031
19464.12109375,3910.2265625,129.5848388671875,68.803268432617188,83.414840698242188,179.99937438964844,179.99964904785156,179.99957275390625,179.99778747558594,179.998779296875,179.99958801269531,113.61555480957031,119.99951171875,84.14202880859375,119.99996185302734
19385.318359375,3934.52197265625,130.46868896484375,103.84599304199219,101.71425628662109,179.99937438964844,179.99964904785156,179.99957275390625,179.99778747558594,179.998779296875,179.99958801269531,119.99922180175781,119.99951171875,69.864303588867188,73.644058227539062
19485.2890625,3904.628173828125,108.87892150878906,91.943756103515625,81.445907592773438,165.39239501953125,179.99964904785156,166.35519409179688,179.99778747558594,179.998779296875,179.99958801269531,119.99922180175781,119.66348266601562,118.23040008544922,107.69468688964844
19253.111328125,4098.53271484375,218.93351745605469,176.58613586425781,179.06402587890625,170.52610778808594,174.80287170410156,158.47636413574219,179.74575805664062,152.68653869628906,179.66661071777344,59.087226867675781,40.000244140625,55.000698089599609,55.000190734863281
19257.787109375,4092.789794921875,279.1529541015625,149.16763305664062,151.83831787109375,176.48367309570312,175.39421081542969,169.09934997558594,167.80072021484375,150.56231689453125,158.81806945800781,59.766574859619141,49.491065979003906,56.951347351074219,55.000190734863281
19258.9453125,4089.006591796875,250.80673217773438,161.27497863769531,164.34025573730469,176.29090881347656,172.12196350097656,166.86418151855469,166.31021118164062,161.52825927734375,157.35002136230469,59.400932312011719,49.7791748046875,55.381668090820312,58.100971221923828
19389.88671875,3934.3623046875,162.60781860351562,91.73724365234375,84.980796813964844,179.99937438964844,179.99964904785156,179.99957275390625,179.99778747558594,176.41229248046875,179.99958801269531,119.99922180175781,119.16490173339844,68.74713134765625,75.955551147460938
19225.845703125,4223.6298828125,348.68734741210938,181.62608337402344,195.24185180664062,141.91508483886719,134.25047302246094,150.95838928222656,153.80062866210938,138.76824951171875,163.19093322753906,40.000232696533203,40.45086669921875,55.66363525390625,55.000190734863281
19234.09765625,4172.3203125,296.66021728515625,180.60737609863281,199.52116394042969,158.42329406738281,146.60859680175781,146.99649047851562,147.53302001953125,143.96002197265625,179.96815490722656,40.000232696533203,49.238521575927734,55.000698089599609,55.000190734863281
19305.337890625,4005.361083984375,204.54742431640625,133.53968811035156,144.83309936523438,152.52479553222656,159.11482238769531,170.0537109375,163.68550109863281,177.77046203613281,177.47822570800781,93.208847045898438,112.795654296875,55.000698089599609,55.035934448242188
19332.345703125,3969.52392578125,176.25311279296875,139.16294860839844,93.416595458984375,171.01193237304688,174.516845703125,175.64157104492188,174.73973083496094,179.99835205078125,174.57145690917969,115.173095703125,114.20314788818359,55.726234436035156,55.109359741210938
19335.6640625,3964.819091796875,168.76982116699219,120.90347290039062,113.17782592773438,173.22239685058594,174.93275451660156,173.08099365234375,177.8406982421875,179.998779296875,175.56929016113281,112.05825805664062,117.39994049072266,57.13299560546875,55.652847290039062
19319.74609375,3988.1708984375,195.69776916503906,144.2257080078125,118.73880004882812,166.10244750976562,166.1031494140625,166.10270690917969,166.10110473632812,173.65399169921875,166.10293579101562,112.26667022705078,111.35711669921875,55.000698089599609,58.088066101074219
19323.11328125,3979.828369140625,164.4366455078125,145.97090148925781,120.27920532226562,166.10244750976562,174.56410217285156,176.03375244140625,174.43418884277344,168.50801086425781,173.16636657714844,112.61134338378906,113.45505523681641,55.000698089599609,55.000190734863281
19492.37890625,3903.49267578125,111.36707305908203,81.314620971679688,72.734329223632812,179.99937438964844,179.99964904785156,174.77043151855469,179.99778747558594,179.998779296875,179.99958801269531,112.41825866699219,119.99951171875,113.0089111328125,114.20517730712891
19321.271484375,3983.839599609375,193.04734802246094,129.68612670898438,125.88249206542969,171.63658142089844,179.99964904785156,166.83493041992188,170.68656921386719,155.00282287597656,172.71244812011719,107.64780426025391,114.58256530761719,55.075191497802734,56.885623931884766
19330.6875,3972.901611328125,143.15631103515625,139.97465515136719,120.46461486816406,178.95135498046875,179.99964904785156,176.15873718261719,179.99778747558594,167.465576171875,179.99958801269531,115.39155578613281,106.14083862304688,55.729209899902344,56.259464263916016
19352.580078125,3954.490966796875,146.3817138671875,122.06740570068359,108.05877685546875,179.99937438964844,179.99964904785156,178.06576538085938,178.27445983886719,175.88177490234375,176.40582275390625,119.99922180175781,112.33680725097656,58.759422302246094,63.526588439941406
19216.21875,4349.31640625,371.52188110351562,232.76164245605469,240.71049499511719,126.13352966308594,97.43096923828125,123.17420196533203,172.39198303222656,119.44509887695312,125.83257293701172,40.000232696533203,40.000244140625,55.000698089599609,55.216114044189453
19243.720703125,4127.701171875,300.72882080078125,159.96199035644531,155.79473876953125,173.30540466308594,178.22831726074219,169.88536071777344,166.52459716796875,149.20254516601562,147.90753173828125,42.779579162597656,45.305995941162109,55.000698089599609,55.000190734863281
19257.962890625,4090.14111328125,267.23129272460938,141.85780334472656,159.76849365234375,167.85964965820312,170.15582275390625,178.952880859375,177.53475952148438,160.67562866210938,166.75816345214844,42.779579162597656,49.889247894287109,61.059822082519531,55.000190734863281
19233.6171875,4179.6796875,314.29107666015625,196.15908813476562,168.71356201171875,146.24284362792969,166.73837280273438,170.14251708984375,173.08946228027344,115.28721618652344,158.72994995117188,40.000232696533203,40.495990753173828,55.000698089599609,55.000190734863281
19246.55078125,4113.16015625,236.92727661132812,182.59036254882812,175.74824523925781,176.32569885253906,174.59561157226562,174.78895568847656,169.2877197265625,142.11810302734375,167.64437866210938,43.877059936523438,44.849014282226562,55.592842102050781,55.197196960449219
19327.380859375,3975.01806640625,192.49064636230469,117.82952880859375,123.81668090820312,178.91470336914062,175.701904296875,166.71235656738281,167.40254211425781,165.08998107910156,169.45147705078125,110.73465728759766,118.6595458984375,55.662178039550781,57.087066650390625
19326.935546875,3976.609130859375,205.67294311523438,115.46841430664062,109.44779205322266,173.94273376464844,176.20259094238281,159.85986328125,170.453369140625,176.42880249023438,177.52532958984375,110.40642547607422,114.32218933105469,55.000698089599609,55.000190734863281
19414.939453125,3926.4267578125,136.86813354492188,105.42982482910156,77.786857604980469,179.99937438964844,179.99964904785156,179.99957275390625,176.45265197753906,179.998779296875,179.99958801269531,119.99922180175781,116.35163879394531,78.134811401367188,88.590660095214844
19403.443359375,3931.66796875,158.36906433105469,101.12065124511719,87.828643798828125,178.24354553222656,176.46856689453125,173.53446960449219,177.716552734375,174.8880615234375,168.88539123535156,119.99922180175781,119.99951171875,88.359848022460938,74.087974548339844
19399.521484375,3931.77734375,161.78463745117188,89.207862854003906,87.748580932617188,174.07095336914062,172.630126953125,179.99957275390625,179.99778747558594,179.998779296875,179.99958801269531,119.99922180175781,119.99951171875,88.359848022460938,65.826652526855469
19502.55078125,3899.64111328125,118.05802917480469,71.434349060058594,65.857315063476562,178.66743469238281,179.99964904785156,179.99957275390625,177.50767517089844,179.998779296875,179.99958801269531,119.99922180175781,119.99951171875,108.41804504394531,119.99996185302734
19314.5546875,3993.1533203125,197.82394409179688,120.39523315429688,129.0404052734375,175.20022583007812,175.76393127441406,176.55764770507812,179.99778747558594,173.88711547851562,166.36578369140625,113.73289489746094,75.829917907714844,56.574081420898438,58.456729888916016
19296.8515625,4019.275146484375,223.43190002441406,150.43678283691406,114.32989501953125,164.82847595214844,174.30815124511719,178.7733154296875,179.32926940917969,163.10816955566406,166.10293579101562,98.791458129882812,74.174819946289062,55.000698089599609,56.907054901123047
19235.6640625,4170.0234375,323.04345703125,168.9471435546875,176.44035339355469,166.44081115722656,139.53810119628906,145.43080139160156,169.64314270019531,167.62434387207031,147.48997497558594,41.233695983886719,40.324142456054688,55.049079895019531,58.295997619628906
19220.134765625,4272.072265625,360.10910034179688,206.77700805664062,208.0931396484375,121.09500122070312,179.73475646972656,98.700225830078125,119.33515930175781,148.81599426269531,166.9530029296875,40.000232696533203,40.000244140625,55.000698089599609,55.000190734863281
19362.775390625,3947.16064453125,173.23213195800781,88.947929382324219,98.921134948730469,179.99937438964844,179.99964904785156,179.99957275390625,179.99778747558594,179.998779296875,179.99958801269531,119.5294189453125,116.78153228759766,58.754295349121094,63.690383911132812
19361.9921875,3948.216552734375,146.80209350585938,109.773681640625,115.82776641845703,179.99937438964844,177.38381958007812,177.53129577636719,175.22969055175781,178.22764587402344,169.71560668945312,119.99922180175781,119.57524108886719,58.047309875488281,71.465415954589844
19416.380859375,3925.92724609375,150.58987426757812,89.497207641601562,85.819267272949219,178.25167846679688,179.99964904785156,170.92022705078125,179.99778747558594,179.998779296875,178.2216796875,119.14996337890625,119.99951171875,83.640907287597656,83.640945434570312
19408.142578125,3928.82373046875,143.79702758789062,96.147819519042969,95.116668701171875,179.99937438964844,179.99964904785156,170.98367309570312,179.99778747558594,170.6065673828125,179.99958801269531,119.99922180175781,119.99951171875,83.640907287597656,79.415634155273438
19477.4921875,3907.271728515625,119.04862976074219,68.081748962402344,95.471710205078125,179.99937438964844,179.99964904785156,173.13986206054688,179.99778747558594,168.82722473144531,179.99958801269531,119.33350372314453,119.99951171875,102.54517364501953,113.2408447265625
19486.00390625,3903.95166015625,101.64197540283203,73.591445922851562,95.471710205078125,166.35322570800781,179.99964904785156,179.99957275390625,179.99778747558594,179.998779296875,179.99958801269531,119.99922180175781,119.99951171875,102.54517364501953,119.99996185302734
19441.3046875,3918.569580078125,130.8204345703125,101.47036743164062,75.388565063476562,179.99937438964844,179.41603088378906,174.35279846191406,175.32862854003906,179.998779296875,177.14498901367188,119.99922180175781,119.34499359130859,71.275489807128906,115.24130249023438
19317.341796875,3989.90380859375,218.96476745605469,118.24932098388672,122.14057922363281,169.98207092285156,166.1031494140625,151.99189758300781,173.22955322265625,178.69171142578125,171.06338500976562,106.08119964599609,113.1375732421875,55.000698089599609,55.023990631103516
19369.8828125,3946.2158203125,153.73715209960938,94.6300048828125,119.33465576171875,179.99937438964844,177.47157287597656,179.99957275390625,178.434814453125,175.67532348632812,167.32669067382812,119.99922180175781,119.99951171875,72.784645080566406,60.407062530517578
19352.484375,3954.909912109375,181.93048095703125,92.634452819824219,115.79294586181641,179.88299560546875,179.99964904785156,163.7283935546875,179.99778747558594,164.41714477539062,179.99958801269531,119.99922180175781,119.99951171875,66.175613403320312,55.089027404785156
19444.08203125,3915.91650390625,138.69549560546875,89.652023315429688,73.321533203125,179.99937438964844,172.38679504394531,177.51911926269531,179.99778747558594,179.998779296875,179.99958801269531,119.99922180175781,119.29825592041016,107.43691253662109,81.287055969238281
19214.90234375,4369.35888671875,388.86676025390625,224.64692687988281,245.17947387695312,122.71598815917969,107.66796112060547,125.03224182128906,137.45158386230469,122.708740234375,135.31718444824219,40.000232696533203,40.000244140625,55.000698089599609,55.000190734863281
19228.630859375,4194.59423828125,316.61911010742188,187.87490844726562,193.952880859375,159.04133605957031,130.85040283203125,160.23654174804688,144.8310546875,151.53456115722656,164.63397216796875,40.000232696533203,40.000244140625,55.000698089599609,55.000190734863281
19285.3828125,4033.35791015625,229.41548156738281,127.95240020751953,138.37506103515625,178.35635375976562,164.26806640625,176.81825256347656,176.29277038574219,177.15731811523438,179.89744567871094,73.578994750976562,62.866661071777344,59.146026611328125,55.409912109375
19279.109375,4041.759033203125,222.40228271484375,135.27468872070312,154.80558776855469,174.26179504394531,175.39056396484375,173.60395812988281,175.59112548828125,161.358154296875,174.47373962402344,76.728927612304688,64.839736938476562,55.557289123535156,55.243400573730469
19213.263671875,4427.73974609375,433.28982543945312,258.70281982421875,196.20530700683594,108.81497955322266,156.22822570800781,61.361137390136719,151.67707824707031,71.121490478515625,171.27944946289062,40.907825469970703,40.000244140625,55.000698089599609,55.000190734863281
19251.98046875,4101.95654296875,250.96450805664062,182.18521118164062,151.24612426757812,171.32644653320312,150.86602783203125,166.99714660644531,165.92585754394531,179.43675231933594,173.77755737304688,42.953933715820312,51.842277526855469,56.937358856201172,55.132465362548828
19244.509765625,4127.55126953125,228.11155700683594,204.86328125,171.6602783203125,166.38996887207031,165.78500366210938,179.99957275390625,173.97683715820312,145.74443054199219,170.08575439453125,40.553951263427734,41.854259490966797,55.230716705322266,55.344211578369141
19252.15234375,4099.62548828125,257.991455078125,172.69589233398438,141.55464172363281,177.59480285644531,163.44041442871094,178.90766906738281,173.66021728515625,168.2403564453125,173.77369689941406,42.169021606445312,40.000244140625,55.000698089599609,55.000190734863281
19249.876953125,4104.8271484375,247.91455078125,173.83262634277344,168.49166870117188,159.01644897460938,148.56596374511719,179.49922180175781,172.64797973632812,165.06771850585938,178.26388549804688,48.886489868164062,45.780239105224609,55.000698089599609,56.590084075927734
19275.55859375,4053.61669921875,223.25839233398438,170.30197143554688,127.39979553222656,179.99937438964844,179.99964904785156,176.51248168945312,159.06387329101562,163.31546020507812,179.99958801269531,59.742019653320312,66.933120727539062,55.64385986328125,57.386516571044922
19270.43359375,4061.14794921875,201.60823059082031,163.129638671875,161.1748046875,178.38957214355469,178.81434631347656,156.92854309082031,179.82037353515625,179.998779296875,167.86592102050781,50.758689880371094,70.942848205566406,55.115894317626953,55.292850494384766
19280.662109375,4041.11962890625,240.02384948730469,125.47910308837891,137.96354675292969,166.00469970703125,179.99964904785156,170.15995788574219,178.12876892089844,179.998779296875,179.99958801269531,58.651168823242188,70.772468566894531,55.268646240234375,57.208847045898438
19265.12109375,4074.02978515625,232.84317016601562,163.4517822265625,153.61532592773438,166.169677734375,174.25958251953125,174.75021362304688,170.57479858398438,161.56219482421875,179.86778259277344,45.7039794921875,63.535026550292969,55.000698089599609,58.458892822265625
19333.32421875,3969.302978515625,153.6798095703125,131.99374389648438,124.60282897949219,179.99937438964844,163.30705261230469,179.99957275390625,179.99778747558594,169.70118713378906,171.39315795898438,111.77050018310547,119.99951171875,56.4627685546875,56.750446319580078
19320.421875,3986.177490234375,211.58271789550781,126.77104949951172,119.76541900634766,166.04815673828125,172.07206726074219,165.3531494140625,170.7557373046875,165.30206298828125,164.83445739746094,114.37704467773438,110.08019256591797,57.598197937011719,55.000190734863281
19324.033203125,3978.824462890625,194.65594482421875,129.11143493652344,114.22317504882812,170.48844909667969,165.4080810546875,178.04966735839844,172.5003662109375,176.92613220214844,161.87663269042969,105.23363494873047,119.99951171875,55.486587524414062,55.674263000488281
19502.38671875,3899.661376953125,105.34172058105469,58.413917541503906,92.369537353515625,179.99937438964844,179.99964904785156,179.99957275390625,171.11903381347656,179.998779296875,179.99958801269531,118.60875701904297,119.99951171875,113.65304565429688,119.99996185302734
19314.072265625,3997.53857421875,193.73666381835938,144.7044677734375,113.53880310058594,178.87910461425781,172.34416198730469,167.53695678710938,175.06796264648438,179.481201171875,169.67111206054688,84.462738037109375,106.3260498046875,55.8724365234375,58.257476806640625
19299.23828125,4013.017578125,202.41365051269531,137.4759521484375,149.15878295898438,163.21726989746094,170.75949096679688,178.48637390136719,161.32261657714844,173.16427612304688,159.76681518554688,82.657264709472656,111.10774230957031,55.000698089599609,55.000190734863281
19303.708984375,4009.203857421875,217.40774536132812,136.40447998046875,128.49339294433594,163.21726989746094,165.50045776367188,166.10270690917969,171.22773742675781,178.96429443359375,170.46183776855469,88.552589416503906,99.528266906738281,57.624073028564453,56.093399047851562
19266.056640625,4073.471923828125,243.57327270507812,175.29721069335938,122.89080047607422,172.86581420898438,170.32667541503906,179.60008239746094,176.75904846191406,176.6546630859375,162.02409362792969,48.269882202148438,58.251396179199219,56.91058349609375,56.176597595214844
19262.458984375,4080.030517578125,210.67741394042969,167.09498596191406,171.1365966796875,179.69540405273438,162.78532409667969,172.89503479003906,171.43174743652344,168.02584838867188,179.52159118652344,49.285675048828125,55.534996032714844,56.247917175292969,55.460063934326172
19248.662109375,4112.03076171875,245.93739318847656,196.75846862792969,145.59202575683594,172.23890686035156,165.82366943359375,168.34329223632812,167.71592712402344,178.76846313476562,162.30731201171875,45.085548400878906,40.464935302734375,55.197002410888672,55.430587768554688
19258.708984375,4089.205322265625,253.38711547851562,169.09088134765625,151.16990661621094,176.12025451660156,179.26266479492188,159.12849426269531,168.79034423828125,152.77885437011719,171.63418579101562,62.22265625,42.967269897460938,57.953384399414062,55.139839172363281
19256.80859375,4095.786376953125,251.3836669921875,164.57630920410156,162.27978515625,174.873779296875,179.99964904785156,179.99957275390625,166.62135314941406,133.90618896484375,177.8997802734375,40.289539337158203,50.761734008789062,59.015007019042969,58.036895751953125
19231.537109375,4186.01806640625,335.95263671875,173.59298706054688,174.42308044433594,137.99716186523438,168.89605712890625,155.63236999511719,154.60064697265625,127.38710021972656,179.80694580078125,41.359676361083984,40.000244140625,55.000698089599609,55.000190734863281
19226.9609375,4216.208984375,331.3162841796875,173.59298706054688,213.45205688476562,135.72216796875,162.783935546875,143.16331481933594,151.85171508789062,145.136474609375,152.54623413085938,40.000232696533203,40.000244140625,55.000698089599609,55.000190734863281
19237.123046875,4151.0244140625,291.19683837890625,173.59298706054688,184.09808349609375,135.72216796875,173.95785522460938,166.89469909667969,170.26504516601562,153.88236999511719,155.74005126953125,40.000232696533203,43.72784423828125,55.000698089599609,55.590282440185547
19239.58203125,4140.17724609375,270.00360107421875,175.11314392089844,191.22364807128906,159.21902465820312,169.76947021484375,173.86088562011719,158.92481994628906,157.98223876953125,144.23576354980469,48.819015502929688,40.349674224853516,55.000698089599609,55.000190734863281
19261.21484375,4080.473876953125,261.22119140625,154.380859375,140.91755676269531,174.23648071289062,167.88783264160156,171.57838439941406,167.89022827148438,172.43452453613281,174.59910583496094,49.373802185058594,54.966880798339844,55.000923156738281,55.363903045654297
19266.208984375,4061.4462890625,226.42391967773438,160.83576965332031,144.68733215332031,169.62197875976562,175.1766357421875,171.73939514160156,176.00068664550781,174.62237548828125,172.97186279296875,48.688591003417969,67.661491394042969,55.785453796386719,55.322196960449219
19277.259765625,4048.518310546875,206.61343383789062,149.04823303222656,151.11882019042969,168.18719482421875,177.84011840820312,179.99957275390625,176.47801208496094,179.998779296875,179.99958801269531,49.538543701171875,63.943931579589844,55.621486663818359,61.3297119140625
19264.4375,4075.94482421875,246.06401062011719,165.74722290039062,141.21038818359375,164.08705139160156,178.42239379882812,173.38615417480469,166.45654296875,177.54638671875,165.42649841308594,61.363510131835938,45.847217559814453,56.682865142822266,57.4176025390625
19288.416015625,4026.85205078125,227.95420837402344,131.24601745605469,127.36405944824219,170.87838745117188,178.82266235351562,179.533935546875,177.86851501464844,170.91044616699219,178.2244873046875,73.873748779296875,71.972129821777344,55.789871215820312,55.268508911132812
19282.00390625,4040.483154296875,226.85882568359375,137.39453125,139.7457275390625,170.29832458496094,179.99964904785156,174.63040161132812,179.99778747558594,176.28279113769531,171.2315673828125,70.323516845703125,60.478610992431641,55.980281829833984,56.662834167480469
19293.36328125,4021.463623046875,190.98025512695312,142.02328491210938,143.63249206542969,179.152099609375,171.93702697753906,178.080810546875,173.68489074707031,173.86296081542969,179.99958801269531,79.516532897949219,73.947990417480469,57.620376586914062,55.316097259521484
19215.8828125,4361.69091796875,415.60491943359375,231.77890014648438,191.63276672363281,143.20603942871094,151.89778137207031,124.84326171875,102.96368408203125,113.23860931396484,134.3795166015625,40.000232696533203,40.000244140625,55.000698089599609,55.000190734863281
19296.765625,4020.1142578125,181.04556274414062,137.90101623535156,150.36248779296875,179.99937438964844,179.99964904785156,173.86320495605469,176.93072509765625,179.998779296875,173.96844482421875,89.131095886230469,59.774085998535156,60.45721435546875,56.248847961425781
